FPS,30,NrOfObjects,7,LFoot,False,RFoot,False,Hip,True,Head,False,HandsPLayer,False
LFootTracker.x,LFootTracker.y,LFootTracker.z,LFootTracker.rx,LFootTracker.ry,LFootTracker.rz,LFootTracker.rw,RFootTracker.x,RFootTracker.y,RFootTracker.z,RFootTracker.rx,RFootTracker.ry,RFootTracker.rz,RFootTracker.rw,HiptrackerBack.x,HiptrackerBack.y,HiptrackerBack.z,HiptrackerBack.rx,HiptrackerBack.ry,HiptrackerBack.rz,HiptrackerBack.rw,ControlerForCalibration.x,ControlerForCalibration.y,ControlerForCalibration.z,ControlerForCalibration.rx,ControlerForCalibration.ry,ControlerForCalibration.rz,ControlerForCalibration.rw,HeadTracker.x,HeadTracker.y,HeadTracker.z,HeadTracker.rx,HeadTracker.ry,HeadTracker.rz,HeadTracker.rw,LeftHandShadow.x,LeftHandShadow.y,LeftHandShadow.z,LeftHandShadow.rx,LeftHandShadow.ry,LeftHandShadow.rz,LeftHandShadow.rw,RightHandShadow.x,RightHandShadow.y,RightHandShadow.z,RightHandShadow.rx,RightHandShadow.ry,RightHandShadow.rz,RightHandShadow.rw,
-0.6812755, -0.02276739, 0.3354957,-0.7395301, 0.09369075, 0.6663792, 0.01601116,-1.961436, -3.101519, 0.3109849,-0.7213629, -0.08563003, 0.6744975, 0.131743,-0.376485, 0.5706925, 0.2433067,-0.04935376, 0.6699409, 0.01513604, 0.7406176,0, 0, 0,0, 0, 0, 1,-0.5217566, 0.7211204, 0.8769648,0.01519602, 0.8501798, 0.02850695, -0.5255006,0, 0, -0.03,0, 0, 0, 1,0, 0, -0.03,0, 0, 0, 1,
-0.6792841, -0.02444444, 0.3362424,-0.7394099, 0.09331962, 0.6665545, 0.01641923,-1.961436, -3.101519, 0.3109849,-0.7213629, -0.08563003, 0.6744975, 0.131743,-0.3767186, 0.5707368, 0.2432218,-0.04944579, 0.6698369, 0.01496569, 0.7407089,0, 0, 0,0, 0, 0, 1,-0.5217903, 0.721102, 0.8769673,0.01518207, 0.8501545, 0.02859673, -0.525537,0, 0, -0.03,0, 0, 0, 1,0, 0, -0.03,0, 0, 0, 1,
-0.6792841, -0.02444444, 0.3362424,-0.7394099, 0.09331962, 0.6665545, 0.01641923,-1.961436, -3.101519, 0.3109849,-0.7213629, -0.08563003, 0.6744975, 0.131743,-0.3767186, 0.5707368, 0.2432218,-0.04944579, 0.6698369, 0.01496569, 0.7407089,0, 0, 0,0, 0, 0, 1,-0.5217842, 0.7211159, 0.877014,0.01511621, 0.8501865, 0.02858349, -0.525488,0, 0, -0.03,0, 0, 0, 1,0, 0, -0.03,0, 0, 0, 1,
-0.6789976, -0.02468707, 0.3363379,-0.7396331, 0.09367317, 0.6662556, 0.01648337,-1.961436, -3.101519, 0.3109849,-0.7213629, -0.08563003, 0.6744975, 0.131743,-0.3766961, 0.5706809, 0.2433106,-0.04960987, 0.6698588, 0.01501899, 0.7406771,0, 0, 0,0, 0, 0, 1,-0.5217314, 0.7211564, 0.8769439,0.01513244, 0.8501055, 0.02850944, -0.5256225,0, 0, -0.03,0, 0, 0, 1,0, 0, -0.03,0, 0, 0, 1,
-0.6786593, -0.02490476, 0.3364588,-0.7398933, 0.09379268, 0.6659527, 0.01636609,-1.961436, -3.101519, 0.3109849,-0.7213629, -0.08563003, 0.6744975, 0.131743,-0.376781, 0.5706782, 0.2432939,-0.04964129, 0.6701373, 0.01523215, 0.7404187,0, 0, 0,0, 0, 0, 1,-0.5217755, 0.7211213, 0.8769699,0.01507409, 0.8501375, 0.02854244, -0.5255706,0, 0, -0.03,0, 0, 0, 1,0, 0, -0.03,0, 0, 0, 1,
-0.6766748, -0.02667432, 0.3373812,-0.7397156, 0.09421012, 0.6661049, 0.01579797,-1.961436, -3.101519, 0.3109849,-0.7213629, -0.08563003, 0.6744975, 0.131743,-0.3771779, 0.57081, 0.2432166,-0.05006338, 0.6702442, 0.01564894, 0.7402848,0, 0, 0,0, 0, 0, 1,-0.5217839, 0.7210637, 0.8769384,0.01516991, 0.8501, 0.02853573, -0.5256289,0, 0, -0.03,0, 0, 0, 1,0, 0, -0.03,0, 0, 0, 1,
-0.6752782, -0.02786023, 0.3379692,-0.7396064, 0.09453148, 0.6661831, 0.01569374,-1.961436, -3.101519, 0.3109849,-0.7213629, -0.08563003, 0.6744975, 0.131743,-0.3771587, 0.5708001, 0.2432432,-0.05004623, 0.6701815, 0.01544732, 0.7403469,0, 0, 0,0, 0, 0, 1,-0.5217367, 0.7210833, 0.8769252,0.01505717, 0.8501256, 0.02855136, -0.5255898,0, 0, -0.03,0, 0, 0, 1,0, 0, -0.03,0, 0, 0, 1,
-0.6749436, -0.0281198, 0.3380605,-0.739774, 0.09491731, 0.6659454, 0.01555009,-1.961436, -3.101519, 0.3109849,-0.7213629, -0.08563003, 0.6744975, 0.131743,-0.377339, 0.5707385, 0.2432495,-0.04960839, 0.6702024, 0.01498913, 0.7403668,0, 0, 0,0, 0, 0, 1,-0.5217581, 0.7210634, 0.8768965,0.01511281, 0.8501336, 0.02852741, -0.5255765,0, 0, -0.03,0, 0, 0, 1,0, 0, -0.03,0, 0, 0, 1,
-0.6745753, -0.02837639, 0.3381705,-0.7395588, 0.09484376, 0.6662034, 0.01518694,-1.961436, -3.101519, 0.3109849,-0.7213629, -0.08563003, 0.6744975, 0.131743,-0.3775098, 0.5707297, 0.2432189,-0.04917573, 0.6702625, 0.01467785, 0.7403475,0, 0, 0,0, 0, 0, 1,-0.5217218, 0.7210584, 0.876875,0.01509614, 0.8501195, 0.02856664, -0.5255978,0, 0, -0.03,0, 0, 0, 1,0, 0, -0.03,0, 0, 0, 1,
-0.6742224, -0.02864511, 0.3382976,-0.7395276, 0.09494808, 0.6662302, 0.01487517,-1.961436, -3.101519, 0.3109849,-0.7213629, -0.08563003, 0.6744975, 0.131743,-0.3779777, 0.5708926, 0.2430809,-0.04903137, 0.6704319, 0.01453367, 0.7402065,0, 0, 0,0, 0, 0, 1,-0.5217476, 0.7210974, 0.8768882,0.01518363, 0.8501411, 0.02845638, -0.5255662,0, 0, -0.03,0, 0, 0, 1,0, 0, -0.03,0, 0, 0, 1,
-0.6739121, -0.02892591, 0.3384022,-0.7399306, 0.09538224, 0.6657272, 0.01457278,-1.961436, -3.101519, 0.3109849,-0.7213629, -0.08563003, 0.6744975, 0.131743,-0.3781257, 0.5709174, 0.2430101,-0.049038, 0.6705627, 0.01460648, 0.7400861,0, 0, 0,0, 0, 0, 1,-0.521687, 0.721072, 0.8768662,0.01508999, 0.8501062, 0.02851358, -0.5256224,0, 0, -0.03,0, 0, 0, 1,0, 0, -0.03,0, 0, 0, 1,
-0.6736123, -0.02920269, 0.3384867,-0.7397783, 0.09546489, 0.6658827, 0.0146551,-1.961436, -3.101519, 0.3109849,-0.7213629, -0.08563003, 0.6744975, 0.131743,-0.3784907, 0.5710211, 0.2429543,-0.04928598, 0.670275, 0.01463082, 0.7403298,0, 0, 0,0, 0, 0, 1,-0.5216358, 0.7210686, 0.8768876,0.0150367, 0.8501261, 0.02855247, -0.5255895,0, 0, -0.03,0, 0, 0, 1,0, 0, -0.03,0, 0, 0, 1,
-0.6732812, -0.02947951, 0.3385758,-0.7396681, 0.09554297, 0.665989, 0.01488106,-1.961436, -3.101519, 0.3109849,-0.7213629, -0.08563003, 0.6744975, 0.131743,-0.3785936, 0.5710046, 0.242888,-0.04946899, 0.6701666, 0.01473794, 0.7404137,0, 0, 0,0, 0, 0, 1,-0.5216413, 0.7210749, 0.8769775,0.01511617, 0.8501762, 0.02851385, -0.5255082,0, 0, -0.03,0, 0, 0, 1,0, 0, -0.03,0, 0, 0, 1,
-0.6729292, -0.02974577, 0.3387196,-0.7398158, 0.09548582, 0.6658406, 0.01453739,-1.961436, -3.101519, 0.3109849,-0.7213629, -0.08563003, 0.6744975, 0.131743,-0.3786253, 0.5709469, 0.2428387,-0.04952446, 0.6698063, 0.0147215, 0.7407362,0, 0, 0,0, 0, 0, 1,-0.5215899, 0.7210837, 0.8769955,0.01512785, 0.8501554, 0.02849051, -0.5255429,0, 0, -0.03,0, 0, 0, 1,0, 0, -0.03,0, 0, 0, 1,
-0.6729292, -0.02974577, 0.3387196,-0.7398158, 0.09548582, 0.6658406, 0.01453739,-1.961436, -3.101519, 0.3109849,-0.7213629, -0.08563003, 0.6744975, 0.131743,-0.3786253, 0.5709469, 0.2428387,-0.04952446, 0.6698063, 0.0147215, 0.7407362,0, 0, 0,0, 0, 0, 1,-0.5215513, 0.7210373, 0.8769671,0.01510816, 0.8501303, 0.02851126, -0.525583,0, 0, -0.03,0, 0, 0, 1,0, 0, -0.03,0, 0, 0, 1,
-0.6722918, -0.0302726, 0.3389781,-0.7405121, 0.09590758, 0.6650053, 0.0145449,-1.961436, -3.101519, 0.3109849,-0.7213629, -0.08563003, 0.6744975, 0.131743,-0.3787332, 0.5710914, 0.2425982,-0.04952756, 0.6695689, 0.01502872, 0.7409444,0, 0, 0,0, 0, 0, 1,-0.5214868, 0.7211046, 0.8769713,0.01508434, 0.8500628, 0.02853822, -0.5256912,0, 0, -0.03,0, 0, 0, 1,0, 0, -0.03,0, 0, 0, 1,
-0.6720027, -0.03058632, 0.3391079,-0.7407337, 0.09582308, 0.6647797, 0.01412886,-1.961436, -3.101519, 0.3109849,-0.7213629, -0.08563003, 0.6744975, 0.131743,-0.3788049, 0.5711448, 0.2424526,-0.04936854, 0.6693756, 0.01500062, 0.7411302,0, 0, 0,0, 0, 0, 1,-0.5215851, 0.7211338, 0.8769125,0.01512269, 0.8500863, 0.02852805, -0.5256527,0, 0, -0.03,0, 0, 0, 1,0, 0, -0.03,0, 0, 0, 1,
-0.6717425, -0.03085898, 0.3392061,-0.7406117, 0.09599251, 0.6648715, 0.01502426,-1.961436, -3.101519, 0.3109849,-0.7213629, -0.08563003, 0.6744975, 0.131743,-0.3785138, 0.5709692, 0.2424844,-0.04883865, 0.6691642, 0.01466928, 0.7413628,0, 0, 0,0, 0, 0, 1,-0.5215878, 0.7211503, 0.8769453,0.01503685, 0.8501148, 0.02844401, -0.5256138,0, 0, -0.03,0, 0, 0, 1,0, 0, -0.03,0, 0, 0, 1,
-0.671357, -0.03117424, 0.3393465,-0.7406239, 0.09551521, 0.6649308, 0.01483722,-1.961436, -3.101519, 0.3109849,-0.7213629, -0.08563003, 0.6744975, 0.131743,-0.3784088, 0.5708925, 0.2423931,-0.04850231, 0.6689916, 0.01417915, 0.7415502,0, 0, 0,0, 0, 0, 1,-0.5215919, 0.721144, 0.876955,0.01513599, 0.8500714, 0.02842063, -0.5256823,0, 0, -0.03,0, 0, 0, 1,0, 0, -0.03,0, 0, 0, 1,
-0.6710506, -0.03144398, 0.3394961,-0.7406995, 0.09535897, 0.6648719, 0.01471101,-1.961436, -3.101519, 0.3109849,-0.7213629, -0.08563003, 0.6744975, 0.131743,-0.3785169, 0.5708925, 0.2423004,-0.0484247, 0.6689333, 0.01398704, 0.7416115,0, 0, 0,0, 0, 0, 1,-0.5215908, 0.7211328, 0.8769829,0.01515703, 0.8500804, 0.02845647, -0.525665,0, 0, -0.03,0, 0, 0, 1,0, 0, -0.03,0, 0, 0, 1,
-0.6707929, -0.03171796, 0.3396138,-0.7407731, 0.09562176, 0.6647485, 0.01486869,-1.961436, -3.101519, 0.3109849,-0.7213629, -0.08563003, 0.6744975, 0.131743,-0.3779843, 0.5705873, 0.2422634,-0.048795, 0.6691235, 0.01417646, 0.7414121,0, 0, 0,0, 0, 0, 1,-0.5215079, 0.7211387, 0.8769692,0.01504895, 0.8501115, 0.02843332, -0.5256191,0, 0, -0.03,0, 0, 0, 1,0, 0, -0.03,0, 0, 0, 1,
-0.6704509, -0.03202276, 0.339711,-0.7404009, 0.09541759, 0.6651896, 0.01500003,-1.961436, -3.101519, 0.3109849,-0.7213629, -0.08563003, 0.6744975, 0.131743,-0.37789, 0.5706143, 0.2421264,-0.04927148, 0.6691606, 0.01476155, 0.7413356,0, 0, 0,0, 0, 0, 1,-0.5214548, 0.7211344, 0.8769581,0.01500735, 0.8500881, 0.02845992, -0.5256569,0, 0, -0.03,0, 0, 0, 1,0, 0, -0.03,0, 0, 0, 1,
-0.6683105, -0.03356438, 0.3406125,-0.7401763, 0.09530209, 0.6654617, 0.01474799,-1.961436, -3.101519, 0.3109849,-0.7213629, -0.08563003, 0.6744975, 0.131743,-0.3779057, 0.570695, 0.2421482,-0.04944816, 0.6691098, 0.01490695, 0.7413668,0, 0, 0,0, 0, 0, 1,-0.5213965, 0.721144, 0.8769324,0.01505555, 0.8501313, 0.02838859, -0.5255895,0, 0, -0.03,0, 0, 0, 1,0, 0, -0.03,0, 0, 0, 1,
-0.6679966, -0.03384524, 0.3407587,-0.7402068, 0.09568737, 0.6653705, 0.01483728,-1.961436, -3.101519, 0.3109849,-0.7213629, -0.08563003, 0.6744975, 0.131743,-0.3779554, 0.5707147, 0.2420386,-0.04919945, 0.6692683, 0.01472719, 0.7412439,0, 0, 0,0, 0, 0, 1,-0.5215389, 0.721223, 0.8768535,0.01502031, 0.8501211, 0.02850765, -0.5256004,0, 0, -0.03,0, 0, 0, 1,0, 0, -0.03,0, 0, 0, 1,
-0.6665817, -0.03506647, 0.341306,-0.740444, 0.096123, 0.6650444, 0.01480751,-1.961436, -3.101519, 0.3109849,-0.7213629, -0.08563003, 0.6744975, 0.131743,-0.378035, 0.5707015, 0.242043,-0.04902286, 0.6691493, 0.0143946, 0.7413696,0, 0, 0,0, 0, 0, 1,-0.5215132, 0.7211995, 0.8768432,0.01502549, 0.8500847, 0.02840221, -0.525665,0, 0, -0.03,0, 0, 0, 1,0, 0, -0.03,0, 0, 0, 1,
-0.6661381, -0.0353494, 0.3414778,-0.740595, 0.09591405, 0.6649172, 0.01430452,-1.961436, -3.101519, 0.3109849,-0.7213629, -0.08563003, 0.6744975, 0.131743,-0.378049, 0.5707393, 0.2419575,-0.04871608, 0.6691427, 0.01420088, 0.7413995,0, 0, 0,0, 0, 0, 1,-0.5215477, 0.7212154, 0.8767988,0.01499096, 0.8501331, 0.02838413, -0.5255887,0, 0, -0.03,0, 0, 0, 1,0, 0, -0.03,0, 0, 0, 1,
-0.6644111, -0.03675115, 0.3421465,-0.7406363, 0.09630816, 0.6648189, 0.01408759,-1.961436, -3.101519, 0.3109849,-0.7213629, -0.08563003, 0.6744975, 0.131743,-0.3775811, 0.5705805, 0.2420011,-0.04892089, 0.6691941, 0.01425952, 0.7413384,0, 0, 0,0, 0, 0, 1,-0.5215182, 0.7212066, 0.8767671,0.01495649, 0.8501008, 0.02838316, -0.5256419,0, 0, -0.03,0, 0, 0, 1,0, 0, -0.03,0, 0, 0, 1,
-0.6640263, -0.03708581, 0.3422754,-0.7406768, 0.09646583, 0.6647507, 0.01410672,-1.961436, -3.101519, 0.3109849,-0.7213629, -0.08563003, 0.6744975, 0.131743,-0.3778394, 0.5707368, 0.2418882,-0.04885869, 0.6692357, 0.01415575, 0.741307,0, 0, 0,0, 0, 0, 1,-0.5214987, 0.7212193, 0.8767791,0.0150016, 0.8500571, 0.02835361, -0.5257129,0, 0, -0.03,0, 0, 0, 1,0, 0, -0.03,0, 0, 0, 1,
-0.6623857, -0.03854433, 0.3429877,-0.7405134, 0.09639291, 0.6649451, 0.01401123,-1.961436, -3.101519, 0.3109849,-0.7213629, -0.08563003, 0.6744975, 0.131743,-0.3778318, 0.5707483, 0.2418417,-0.04887304, 0.6692996, 0.01402242, 0.7412508,0, 0, 0,0, 0, 0, 1,-0.5215138, 0.7211956, 0.8768559,0.01495026, 0.8501195, 0.02840746, -0.5256105,0, 0, -0.03,0, 0, 0, 1,0, 0, -0.03,0, 0, 0, 1,
-0.6620584, -0.03887407, 0.3431509,-0.7403938, 0.09644701, 0.6650681, 0.01411919,-1.961436, -3.101519, 0.3109849,-0.7213629, -0.08563003, 0.6744975, 0.131743,-0.3776352, 0.5707172, 0.2418947,-0.04899719, 0.6692306, 0.01416653, 0.7413023,0, 0, 0,0, 0, 0, 1,-0.5214831, 0.7212011, 0.8768755,0.0149321, 0.8501175, 0.0283878, -0.5256153,0, 0, -0.03,0, 0, 0, 1,0, 0, -0.03,0, 0, 0, 1,
-0.6616928, -0.03922606, 0.3433149,-0.7403921, 0.09647186, 0.6650629, 0.01428665,-1.961436, -3.101519, 0.3109849,-0.7213629, -0.08563003, 0.6744975, 0.131743,-0.3775936, 0.5707632, 0.2418717,-0.04897064, 0.6691068, 0.01407922, 0.7414173,0, 0, 0,0, 0, 0, 1,-0.5215451, 0.7211666, 0.8769363,0.01504183, 0.8501282, 0.02839535, -0.5255944,0, 0, -0.03,0, 0, 0, 1,0, 0, -0.03,0, 0, 0, 1,
-0.6612766, -0.03957424, 0.3434916,-0.740382, 0.09628843, 0.6650982, 0.0144091,-1.961436, -3.101519, 0.3109849,-0.7213629, -0.08563003, 0.6744975, 0.131743,-0.3774334, 0.5706688, 0.2419558,-0.04881584, 0.6690913, 0.01382928, 0.7414463,0, 0, 0,0, 0, 0, 1,-0.5215238, 0.7211595, 0.8769144,0.01492797, 0.8501337, 0.02843691, -0.5255865,0, 0, -0.03,0, 0, 0, 1,0, 0, -0.03,0, 0, 0, 1,
-0.6608913, -0.03990826, 0.3436841,-0.7404011, 0.09616512, 0.665096, 0.01434466,-1.961436, -3.101519, 0.3109849,-0.7213629, -0.08563003, 0.6744975, 0.131743,-0.3773624, 0.5707128, 0.2419334,-0.0487796, 0.6689151, 0.01375764, 0.741609,0, 0, 0,0, 0, 0, 1,-0.5215732, 0.7211275, 0.8768853,0.01494518, 0.8500909, 0.02843, -0.5256557,0, 0, -0.03,0, 0, 0, 1,0, 0, -0.03,0, 0, 0, 1,
-0.6605218, -0.04025427, 0.3438504,-0.7405112, 0.09619926, 0.6649634, 0.0145832,-1.961436, -3.101519, 0.3109849,-0.7213629, -0.08563003, 0.6744975, 0.131743,-0.3772005, 0.57065, 0.2419498,-0.04880968, 0.6688126, 0.01384779, 0.7416977,0, 0, 0,0, 0, 0, 1,-0.5216246, 0.7211241, 0.8768884,0.01490068, 0.850124, 0.02844138, -0.5256028,0, 0, -0.03,0, 0, 0, 1,0, 0, -0.03,0, 0, 0, 1,
-0.6601015, -0.0405824, 0.3440689,-0.7409813, 0.09609054, 0.6644543, 0.0146191,-1.961436, -3.101519, 0.3109849,-0.7213629, -0.08563003, 0.6744975, 0.131743,-0.377134, 0.5707125, 0.2419294,-0.04879947, 0.6687502, 0.01383642, 0.7417549,0, 0, 0,0, 0, 0, 1,-0.5216665, 0.7211932, 0.8768452,0.01487538, 0.8500975, 0.02831754, -0.5256531,0, 0, -0.03,0, 0, 0, 1,0, 0, -0.03,0, 0, 0, 1,
-0.6597183, -0.04091033, 0.3442744,-0.7411583, 0.09594822, 0.6642831, 0.0143677,-1.961436, -3.101519, 0.3109849,-0.7213629, -0.08563003, 0.6744975, 0.131743,-0.377022, 0.5708025, 0.2418029,-0.04859355, 0.6688155, 0.01372823, 0.7417116,0, 0, 0,0, 0, 0, 1,-0.5217006, 0.7211728, 0.8768009,0.01492974, 0.8500466, 0.028356, -0.5257317,0, 0, -0.03,0, 0, 0, 1,0, 0, -0.03,0, 0, 0, 1,
-0.6589739, -0.04162462, 0.3446148,-0.7411394, 0.09583198, 0.6643155, 0.01461919,-1.961436, -3.101519, 0.3109849,-0.7213629, -0.08563003, 0.6744975, 0.131743,-0.3768622, 0.5708094, 0.2416908,-0.04835291, 0.6687391, 0.01345946, 0.741801,0, 0, 0,0, 0, 0, 1,-0.521724, 0.7211602, 0.8768154,0.01488934, 0.8501083, 0.02835987, -0.525633,0, 0, -0.03,0, 0, 0, 1,0, 0, -0.03,0, 0, 0, 1,
-0.6586191, -0.04194322, 0.3447814,-0.7412146, 0.09609735, 0.6641831, 0.01506971,-1.961436, -3.101519, 0.3109849,-0.7213629, -0.08563003, 0.6744975, 0.131743,-0.376748, 0.5707033, 0.2415559,-0.04847552, 0.6688188, 0.01349553, 0.7417206,0, 0, 0,0, 0, 0, 1,-0.5217184, 0.7211442, 0.8768613,0.0149106, 0.8500977, 0.02840769, -0.525647,0, 0, -0.03,0, 0, 0, 1,0, 0, -0.03,0, 0, 0, 1,
-0.6577404, -0.04259697, 0.3451996,-0.7416526, 0.0961505, 0.6636932, 0.01476507,-1.961436, -3.101519, 0.3109849,-0.7213629, -0.08563003, 0.6744975, 0.131743,-0.3767518, 0.5708776, 0.2412882,-0.04837158, 0.6687602, 0.0133699, 0.7417825,0, 0, 0,0, 0, 0, 1,-0.5215987, 0.721182, 0.8768581,0.01493745, 0.8501094, 0.0283418, -0.5256308,0, 0, -0.03,0, 0, 0, 1,0, 0, -0.03,0, 0, 0, 1,
-0.6577404, -0.04259697, 0.3451996,-0.7416526, 0.0961505, 0.6636932, 0.01476507,-1.961436, -3.101519, 0.3109849,-0.7213629, -0.08563003, 0.6744975, 0.131743,-0.3767518, 0.5708776, 0.2412882,-0.04837158, 0.6687602, 0.0133699, 0.7417825,0, 0, 0,0, 0, 0, 1,-0.5215971, 0.7211801, 0.8768625,0.01492964, 0.850146, 0.0283649, -0.5255706,0, 0, -0.03,0, 0, 0, 1,0, 0, -0.03,0, 0, 0, 1,
-0.6573272, -0.04291778, 0.345398,-0.7417172, 0.09621361, 0.6636132, 0.01470584,-1.961436, -3.101519, 0.3109849,-0.7213629, -0.08563003, 0.6744975, 0.131743,-0.3767051, 0.5709344, 0.2411967,-0.04823552, 0.6688915, 0.01335548, 0.7416732,0, 0, 0,0, 0, 0, 1,-0.5215198, 0.7211918, 0.8768016,0.01486539, 0.8501441, 0.0283976, -0.5255736,0, 0, -0.03,0, 0, 0, 1,0, 0, -0.03,0, 0, 0, 1,
-0.6569161, -0.04325218, 0.3455772,-0.7416261, 0.09625876, 0.6637086, 0.01469107,-1.961436, -3.101519, 0.3109849,-0.7213629, -0.08563003, 0.6744975, 0.131743,-0.3765714, 0.5709124, 0.2411724,-0.04808281, 0.6688464, 0.01329572, 0.741725,0, 0, 0,0, 0, 0, 1,-0.5215192, 0.7211911, 0.8767987,0.01486144, 0.8501461, 0.02844991, -0.5255677,0, 0, -0.03,0, 0, 0, 1,0, 0, -0.03,0, 0, 0, 1,
-0.6565151, -0.04359671, 0.3457497,-0.7416188, 0.09629191, 0.6637151, 0.01455018,-1.961436, -3.101519, 0.3109849,-0.7213629, -0.08563003, 0.6744975, 0.131743,-0.376513, 0.5709472, 0.2411444,-0.04795721, 0.668783, 0.01320096, 0.7417918,0, 0, 0,0, 0, 0, 1,-0.5214705, 0.7212238, 0.8767551,0.01487951, 0.8500775, 0.02836868, -0.5256826,0, 0, -0.03,0, 0, 0, 1,0, 0, -0.03,0, 0, 0, 1,
-0.6561804, -0.0439483, 0.3458985,-0.7415816, 0.09658487, 0.6637139, 0.01456375,-1.961436, -3.101519, 0.3109849,-0.7213629, -0.08563003, 0.6744975, 0.131743,-0.3765743, 0.5710335, 0.2410999,-0.04790941, 0.6689165, 0.01310324, 0.7416763,0, 0, 0,0, 0, 0, 1,-0.5214697, 0.7212622, 0.8767651,0.01488902, 0.8500466, 0.02833184, -0.5257342,0, 0, -0.03,0, 0, 0, 1,0, 0, -0.03,0, 0, 0, 1,
-0.6557627, -0.04426876, 0.346071,-0.7414118, 0.09671101, 0.6638814, 0.01473072,-1.961436, -3.101519, 0.3109849,-0.7213629, -0.08563003, 0.6744975, 0.131743,-0.3763065, 0.5709687, 0.2412641,-0.04790183, 0.6689289, 0.01318642, 0.7416642,0, 0, 0,0, 0, 0, 1,-0.5215408, 0.7212604, 0.8768507,0.01486634, 0.8501046, 0.02831003, -0.5256421,0, 0, -0.03,0, 0, 0, 1,0, 0, -0.03,0, 0, 0, 1,
-0.6553141, -0.04460229, 0.3462721,-0.7415236, 0.09665236, 0.6637827, 0.01391377,-1.961436, -3.101519, 0.3109849,-0.7213629, -0.08563003, 0.6744975, 0.131743,-0.3762127, 0.5710016, 0.2412092,-0.04788907, 0.6688622, 0.0132383, 0.7417242,0, 0, 0,0, 0, 0, 1,-0.5215518, 0.7212256, 0.8768572,0.01482837, 0.8501108, 0.0284018, -0.5256284,0, 0, -0.03,0, 0, 0, 1,0, 0, -0.03,0, 0, 0, 1,
-0.6549325, -0.04490554, 0.3464479,-0.7415312, 0.09702922, 0.6637207, 0.01384498,-1.961436, -3.101519, 0.3109849,-0.7213629, -0.08563003, 0.6744975, 0.131743,-0.376038, 0.5710575, 0.2412613,-0.04797301, 0.6687827, 0.01328998, 0.7417896,0, 0, 0,0, 0, 0, 1,-0.5215759, 0.7213004, 0.8769262,0.01477408, 0.8501261, 0.02825014, -0.5256132,0, 0, -0.03,0, 0, 0, 1,0, 0, -0.03,0, 0, 0, 1,
-0.6545373, -0.045228, 0.3465962,-0.7412732, 0.0973419, 0.6639646, 0.0137735,-1.961436, -3.101519, 0.3109849,-0.7213629, -0.08563003, 0.6744975, 0.131743,-0.375963, 0.5711039, 0.2412248,-0.04774222, 0.6687826, 0.01308005, 0.7418082,0, 0, 0,0, 0, 0, 1,-0.521677, 0.7212011, 0.8768896,0.01487574, 0.8501179, 0.02849598, -0.5256105,0, 0, -0.03,0, 0, 0, 1,0, 0, -0.03,0, 0, 0, 1,
-0.6536456, -0.04589732, 0.3469998,-0.7416451, 0.09758498, 0.6635219, 0.01336043,-1.961436, -3.101519, 0.3109849,-0.7213629, -0.08563003, 0.6744975, 0.131743,-0.3758365, 0.5711873, 0.2411053,-0.04722013, 0.6688284, 0.01252552, 0.7418099,0, 0, 0,0, 0, 0, 1,-0.5216954, 0.7212119, 0.8768703,0.01481084, 0.850144, 0.02844232, -0.525573,0, 0, -0.03,0, 0, 0, 1,0, 0, -0.03,0, 0, 0, 1,
-0.6532314, -0.04619685, 0.3471926,-0.7420521, 0.09797555, 0.6630101, 0.01331563,-1.961436, -3.101519, 0.3109849,-0.7213629, -0.08563003, 0.6744975, 0.131743,-0.3755741, 0.5711432, 0.241203,-0.04698322, 0.6689076, 0.01237818, 0.741756,0, 0, 0,0, 0, 0, 1,-0.5217267, 0.7212458, 0.8768814,0.01482936, 0.850136, 0.02835455, -0.5255901,0, 0, -0.03,0, 0, 0, 1,0, 0, -0.03,0, 0, 0, 1,
-0.6527495, -0.0465311, 0.3474065,-0.7424357, 0.09799607, 0.6625817, 0.01309733,-1.961436, -3.101519, 0.3109849,-0.7213629, -0.08563003, 0.6744975, 0.131743,-0.3755365, 0.5711749, 0.241187,-0.04691143, 0.6690062, 0.01224527, 0.7416738,0, 0, 0,0, 0, 0, 1,-0.5217643, 0.7212175, 0.8768164,0.01486882, 0.8501052, 0.02836538, -0.5256383,0, 0, -0.03,0, 0, 0, 1,0, 0, -0.03,0, 0, 0, 1,
-0.6523319, -0.04687564, 0.3476226,-0.7425213, 0.09778903, 0.6625176, 0.01303758,-1.961436, -3.101519, 0.3109849,-0.7213629, -0.08563003, 0.6744975, 0.131743,-0.3749894, 0.5709885, 0.2412768,-0.04707374, 0.66902, 0.01228309, 0.7416505,0, 0, 0,0, 0, 0, 1,-0.521812, 0.7211753, 0.8767796,0.01494951, 0.8500933, 0.02841428, -0.5256525,0, 0, -0.03,0, 0, 0, 1,0, 0, -0.03,0, 0, 0, 1,
-0.651918, -0.04720403, 0.3478333,-0.7430422, 0.0980998, 0.6618837, 0.01322825,-1.961436, -3.101519, 0.3109849,-0.7213629, -0.08563003, 0.6744975, 0.131743,-0.374594, 0.5709215, 0.241279,-0.047039, 0.6692336, 0.01218527, 0.7414616,0, 0, 0,0, 0, 0, 1,-0.5218146, 0.7211793, 0.8767724,0.01492508, 0.8500981, 0.02838659, -0.5256469,0, 0, -0.03,0, 0, 0, 1,0, 0, -0.03,0, 0, 0, 1,
-0.6523896, -0.04685796, 0.3468764,-0.74321, 0.09806506, 0.6617056, 0.01296064,-1.961436, -3.101519, 0.3109849,-0.7213629, -0.08563003, 0.6744975, 0.131743,-0.374576, 0.5709318, 0.2412274,-0.04676116, 0.669355, 0.01193881, 0.7413736,0, 0, 0,0, 0, 0, 1,-0.5217809, 0.7212189, 0.8767406,0.01490389, 0.850086, 0.02837265, -0.5256678,0, 0, -0.03,0, 0, 0, 1,0, 0, -0.03,0, 0, 0, 1,
-0.651988, -0.04719629, 0.3470591,-0.7433992, 0.09802343, 0.6614954, 0.01314321,-1.961436, -3.101519, 0.3109849,-0.7213629, -0.08563003, 0.6744975, 0.131743,-0.3742358, 0.5707777, 0.2412652,-0.04667268, 0.6693311, 0.01178856, 0.7414032,0, 0, 0,0, 0, 0, 1,-0.5218021, 0.7211797, 0.8767405,0.0148517, 0.8501163, 0.02848299, -0.5256145,0, 0, -0.03,0, 0, 0, 1,0, 0, -0.03,0, 0, 0, 1,
-0.6515973, -0.04754425, 0.3472388,-0.7432942, 0.09773989, 0.6616515, 0.01333779,-1.961436, -3.101519, 0.3109849,-0.7213629, -0.08563003, 0.6744975, 0.131743,-0.3741508, 0.5708162, 0.2412471,-0.04666646, 0.6694184, 0.01170165, 0.741326,0, 0, 0,0, 0, 0, 1,-0.5217574, 0.7211951, 0.8768041,0.01487947, 0.8501213, 0.02840753, -0.5256096,0, 0, -0.03,0, 0, 0, 1,0, 0, -0.03,0, 0, 0, 1,
-0.6515973, -0.04754425, 0.3472388,-0.7432942, 0.09773989, 0.6616515, 0.01333779,-1.961436, -3.101519, 0.3109849,-0.7213629, -0.08563003, 0.6744975, 0.131743,-0.3741508, 0.5708162, 0.2412471,-0.04666646, 0.6694184, 0.01170165, 0.741326,0, 0, 0,0, 0, 0, 1,-0.5217496, 0.7212282, 0.8768032,0.0148278, 0.8501522, 0.02844641, -0.5255589,0, 0, -0.03,0, 0, 0, 1,0, 0, -0.03,0, 0, 0, 1,
-0.6508078, -0.04824476, 0.3475953,-0.74326, 0.09741299, 0.6617272, 0.0138775,-1.961436, -3.101519, 0.3109849,-0.7213629, -0.08563003, 0.6744975, 0.131743,-0.3737971, 0.5707973, 0.241221,-0.04661194, 0.6693019, 0.01164501, 0.7414355,0, 0, 0,0, 0, 0, 1,-0.5217266, 0.7212235, 0.8768618,0.01490724, 0.8501152, 0.02843772, -0.525617,0, 0, -0.03,0, 0, 0, 1,0, 0, -0.03,0, 0, 0, 1,
-0.6504115, -0.04858784, 0.3477764,-0.7431136, 0.0974384, 0.6618809, 0.01420975,-1.961436, -3.101519, 0.3109849,-0.7213629, -0.08563003, 0.6744975, 0.131743,-0.3741865, 0.5709952, 0.241143,-0.04629789, 0.6692439, 0.01141374, 0.7415112,0, 0, 0,0, 0, 0, 1,-0.5217406, 0.7212271, 0.8768648,0.01484878, 0.8501046, 0.0283903, -0.5256384,0, 0, -0.03,0, 0, 0, 1,0, 0, -0.03,0, 0, 0, 1,
-0.6499711, -0.04894719, 0.3479399,-0.7431112, 0.09705329, 0.6619411, 0.01416367,-1.961436, -3.101519, 0.3109849,-0.7213629, -0.08563003, 0.6744975, 0.131743,-0.3741336, 0.5710137, 0.2411063,-0.04613818, 0.6692658, 0.01125118, 0.7415039,0, 0, 0,0, 0, 0, 1,-0.521762, 0.7211949, 0.876911,0.01494529, 0.8501461, 0.02848417, -0.5255635,0, 0, -0.03,0, 0, 0, 1,0, 0, -0.03,0, 0, 0, 1,
-0.6495509, -0.04929701, 0.3481249,-0.7432303, 0.09711871, 0.6617941, 0.01432827,-1.961436, -3.101519, 0.3109849,-0.7213629, -0.08563003, 0.6744975, 0.131743,-0.374042, 0.5709278, 0.2410696,-0.04600089, 0.669184, 0.01110379, 0.7415884,0, 0, 0,0, 0, 0, 1,-0.5217081, 0.7212089, 0.8768626,0.0148757, 0.8500923, 0.02838248, -0.5256579,0, 0, -0.03,0, 0, 0, 1,0, 0, -0.03,0, 0, 0, 1,
-0.6490273, -0.04963386, 0.3483117,-0.7438062, 0.09742212, 0.6611124, 0.0138483,-1.961436, -3.101519, 0.3109849,-0.7213629, -0.08563003, 0.6744975, 0.131743,-0.3739423, 0.5709991, 0.2410142,-0.0459555, 0.6691381, 0.01112398, 0.7416323,0, 0, 0,0, 0, 0, 1,-0.5217248, 0.7211603, 0.8768441,0.01495104, 0.8500814, 0.02853087, -0.5256653,0, 0, -0.03,0, 0, 0, 1,0, 0, -0.03,0, 0, 0, 1,
-0.6485538, -0.04995389, 0.3484938,-0.7438763, 0.09730344, 0.6610581, 0.01350681,-1.961436, -3.101519, 0.3109849,-0.7213629, -0.08563003, 0.6744975, 0.131743,-0.3738828, 0.571026, 0.2409675,-0.04603942, 0.6691748, 0.01112658, 0.741594,0, 0, 0,0, 0, 0, 1,-0.5216532, 0.7212525, 0.8768457,0.01491525, 0.8500789, 0.02833763, -0.525681,0, 0, -0.03,0, 0, 0, 1,0, 0, -0.03,0, 0, 0, 1,
-0.6480981, -0.05028851, 0.3486612,-0.7441533, 0.09780881, 0.6606752, 0.01332794,-1.961436, -3.101519, 0.3109849,-0.7213629, -0.08563003, 0.6744975, 0.131743,-0.3738885, 0.571052, 0.2409717,-0.04584037, 0.6691989, 0.01092205, 0.7415876,0, 0, 0,0, 0, 0, 1,-0.5216618, 0.7212629, 0.8768097,0.01486352, 0.8500948, 0.02838706, -0.5256541,0, 0, -0.03,0, 0, 0, 1,0, 0, -0.03,0, 0, 0, 1,
-0.6476058, -0.05063849, 0.3488136,-0.7441049, 0.09776337, 0.6607434, 0.01298358,-1.961436, -3.101519, 0.3109849,-0.7213629, -0.08563003, 0.6744975, 0.131743,-0.3738739, 0.571057, 0.2409498,-0.04571132, 0.6691273, 0.01072162, 0.7416631,0, 0, 0,0, 0, 0, 1,-0.5216553, 0.7212553, 0.8767995,0.01485183, 0.8500901, 0.02841208, -0.5256605,0, 0, -0.03,0, 0, 0, 1,0, 0, -0.03,0, 0, 0, 1,
-0.6471698, -0.05096885, 0.3489721,-0.744172, 0.09798238, 0.6606389, 0.01279479,-1.961436, -3.101519, 0.3109849,-0.7213629, -0.08563003, 0.6744975, 0.131743,-0.3741252, 0.5712541, 0.2408598,-0.04558319, 0.6691469, 0.0105302, 0.7416561,0, 0, 0,0, 0, 0, 1,-0.5216733, 0.7212322, 0.8768382,0.01489174, 0.8500926, 0.02846724, -0.5256523,0, 0, -0.03,0, 0, 0, 1,0, 0, -0.03,0, 0, 0, 1,
-0.6467513, -0.05127425, 0.3491278,-0.7444107, 0.09867086, 0.660274, 0.01245466,-1.961436, -3.101519, 0.3109849,-0.7213629, -0.08563003, 0.6744975, 0.131743,-0.3741429, 0.5712695, 0.2408458,-0.04551635, 0.6692405, 0.01041253, 0.7415774,0, 0, 0,0, 0, 0, 1,-0.5216923, 0.721243, 0.8768578,0.01486437, 0.8501133, 0.02847905, -0.5256191,0, 0, -0.03,0, 0, 0, 1,0, 0, -0.03,0, 0, 0, 1,
-0.6467513, -0.05127425, 0.3491278,-0.7444107, 0.09867086, 0.660274, 0.01245466,-1.961436, -3.101519, 0.3109849,-0.7213629, -0.08563003, 0.6744975, 0.131743,-0.3741429, 0.5712695, 0.2408458,-0.04551635, 0.6692405, 0.01041253, 0.7415774,0, 0, 0,0, 0, 0, 1,-0.5217011, 0.7212293, 0.8768951,0.01484019, 0.8501155, 0.02846791, -0.5256168,0, 0, -0.03,0, 0, 0, 1,0, 0, -0.03,0, 0, 0, 1,
-0.6457952, -0.05193724, 0.3494602,-0.744344, 0.09907489, 0.6603067, 0.01146466,-1.961436, -3.101519, 0.3109849,-0.7213629, -0.08563003, 0.6744975, 0.131743,-0.3740526, 0.5713022, 0.2407993,-0.04548211, 0.6694879, 0.01041763, 0.7413561,0, 0, 0,0, 0, 0, 1,-0.5216914, 0.7212085, 0.8768731,0.01494529, 0.8500654, 0.02847581, -0.5256945,0, 0, -0.03,0, 0, 0, 1,0, 0, -0.03,0, 0, 0, 1,
-0.6453809, -0.05227828, 0.349595,-0.7442245, 0.09956059, 0.6603681, 0.01147409,-1.961436, -3.101519, 0.3109849,-0.7213629, -0.08563003, 0.6744975, 0.131743,-0.374018, 0.5713568, 0.2407753,-0.04536372, 0.6696067, 0.01027487, 0.741258,0, 0, 0,0, 0, 0, 1,-0.5217178, 0.7212068, 0.8769475,0.01489423, 0.850131, 0.02844363, -0.5255916,0, 0, -0.03,0, 0, 0, 1,0, 0, -0.03,0, 0, 0, 1,
-0.6449365, -0.05264108, 0.3497362,-0.7443048, 0.09986869, 0.6602359, 0.01118948,-1.961436, -3.101519, 0.3109849,-0.7213629, -0.08563003, 0.6744975, 0.131743,-0.3735925, 0.5712209, 0.240932,-0.04524009, 0.6696174, 0.01021067, 0.7412568,0, 0, 0,0, 0, 0, 1,-0.5216553, 0.7211914, 0.8769202,0.01480909, 0.8500608, 0.02844873, -0.5257072,0, 0, -0.03,0, 0, 0, 1,0, 0, -0.03,0, 0, 0, 1,
-0.6445368, -0.0529899, 0.3498813,-0.7444651, 0.100296, 0.6599919, 0.01110207,-1.961436, -3.101519, 0.3109849,-0.7213629, -0.08563003, 0.6744975, 0.131743,-0.3736344, 0.5712548, 0.2408864,-0.04490579, 0.6696068, 0.009971732, 0.7412899,0, 0, 0,0, 0, 0, 1,-0.5216797, 0.7211691, 0.8769351,0.01492216, 0.8500817, 0.02839321, -0.5256732,0, 0, -0.03,0, 0, 0, 1,0, 0, -0.03,0, 0, 0, 1,
-0.6440767, -0.05335218, 0.3500516,-0.7443626, 0.1004628, 0.6600813, 0.01114461,-1.961436, -3.101519, 0.3109849,-0.7213629, -0.08563003, 0.6744975, 0.131743,-0.373487, 0.5711688, 0.240841,-0.0447736, 0.6695141, 0.009767532, 0.7413843,0, 0, 0,0, 0, 0, 1,-0.5216447, 0.7211528, 0.8769385,0.01488604, 0.8500797, 0.02836622, -0.525679,0, 0, -0.03,0, 0, 0, 1,0, 0, -0.03,0, 0, 0, 1,
-0.6436104, -0.05372705, 0.350228,-0.7441851, 0.1003448, 0.6603047, 0.01082319,-1.961436, -3.101519, 0.3109849,-0.7213629, -0.08563003, 0.6744975, 0.131743,-0.3734931, 0.5711938, 0.2407991,-0.04470155, 0.66952, 0.009646741, 0.741385,0, 0, 0,0, 0, 0, 1,-0.5215778, 0.7211679, 0.8769712,0.01483889, 0.8501315, 0.02837485, -0.5255961,0, 0, -0.03,0, 0, 0, 1,0, 0, -0.03,0, 0, 0, 1,
-0.6431786, -0.05410888, 0.3504027,-0.7441498, 0.1003208, 0.6603489, 0.01077673,-1.961436, -3.101519, 0.3109849,-0.7213629, -0.08563003, 0.6744975, 0.131743,-0.3731647, 0.5711614, 0.2407127,-0.04465505, 0.6695146, 0.009593205, 0.7413933,0, 0, 0,0, 0, 0, 1,-0.5215902, 0.7211532, 0.8769363,0.01488565, 0.8500655, 0.02844625, -0.5256976,0, 0, -0.03,0, 0, 0, 1,0, 0, -0.03,0, 0, 0, 1,
-0.6427363, -0.05446982, 0.3505773,-0.7441363, 0.1004268, 0.6603463, 0.01088947,-1.961436, -3.101519, 0.3109849,-0.7213629, -0.08563003, 0.6744975, 0.131743,-0.3731402, 0.5711613, 0.2406414,-0.04464161, 0.6693912, 0.009551563, 0.7415061,0, 0, 0,0, 0, 0, 1,-0.521605, 0.7211668, 0.876994,0.01482498, 0.8501297, 0.02844335, -0.5255956,0, 0, -0.03,0, 0, 0, 1,0, 0, -0.03,0, 0, 0, 1,
-0.6423021, -0.05485144, 0.3507751,-0.7441186, 0.1001115, 0.6604154, 0.01080827,-1.961436, -3.101519, 0.3109849,-0.7213629, -0.08563003, 0.6744975, 0.131743,-0.3730308, 0.5711817, 0.2405958,-0.04471441, 0.6694414, 0.009618026, 0.7414556,0, 0, 0,0, 0, 0, 1,-0.5215664, 0.7211363, 0.8769364,0.0148113, 0.8500476, 0.02850191, -0.5257255,0, 0, -0.03,0, 0, 0, 1,0, 0, -0.03,0, 0, 0, 1,
-0.641895, -0.05520389, 0.3509758,-0.7441674, 0.1003302, 0.6603207, 0.01119822,-1.961436, -3.101519, 0.3109849,-0.7213629, -0.08563003, 0.6744975, 0.131743,-0.3729845, 0.5712272, 0.240521,-0.04470814, 0.6694699, 0.009705645, 0.7414291,0, 0, 0,0, 0, 0, 1,-0.5215766, 0.7211452, 0.8769863,0.01482749, 0.85012, 0.02842743, -0.5256121,0, 0, -0.03,0, 0, 0, 1,0, 0, -0.03,0, 0, 0, 1,
-0.6409457, -0.05596191, 0.35141,-0.744051, 0.09985276, 0.6605204, 0.01142175,-1.961436, -3.101519, 0.3109849,-0.7213629, -0.08563003, 0.6744975, 0.131743,-0.3728724, 0.5711659, 0.2402326,-0.04422571, 0.6694856, 0.009330896, 0.7414486,0, 0, 0,0, 0, 0, 1,-0.5216221, 0.721115, 0.8769171,0.01484459, 0.8500845, 0.02853099, -0.5256633,0, 0, -0.03,0, 0, 0, 1,0, 0, -0.03,0, 0, 0, 1,
-0.6404875, -0.05634636, 0.3516211,-0.7441059, 0.09975019, 0.6604731, 0.0114729,-1.961436, -3.101519, 0.3109849,-0.7213629, -0.08563003, 0.6744975, 0.131743,-0.3728858, 0.5711884, 0.2401583,-0.0439165, 0.6694899, 0.009082453, 0.7414662,0, 0, 0,0, 0, 0, 1,-0.5215675, 0.7212111, 0.8768635,0.0148115, 0.8500749, 0.02836333, -0.5256889,0, 0, -0.03,0, 0, 0, 1,0, 0, -0.03,0, 0, 0, 1,
-0.6400084, -0.05672356, 0.3518078,-0.74423, 0.09968708, 0.6603424, 0.01149702,-1.961436, -3.101519, 0.3109849,-0.7213629, -0.08563003, 0.6744975, 0.131743,-0.3726498, 0.5710061, 0.2403293,-0.04384674, 0.6695799, 0.008929299, 0.7413909,0, 0, 0,0, 0, 0, 1,-0.521643, 0.721182, 0.8768694,0.0148505, 0.8501306, 0.02841812, -0.5255949,0, 0, -0.03,0, 0, 0, 1,0, 0, -0.03,0, 0, 0, 1,
-0.6395307, -0.05710907, 0.3519993,-0.7443928, 0.09970374, 0.6601568, 0.01147914,-1.961436, -3.101519, 0.3109849,-0.7213629, -0.08563003, 0.6744975, 0.131743,-0.3725945, 0.571026, 0.2402922,-0.04391175, 0.6695868, 0.008956896, 0.7413805,0, 0, 0,0, 0, 0, 1,-0.5216781, 0.7212546, 0.8768699,0.01489688, 0.8501072, 0.02833563, -0.5256357,0, 0, -0.03,0, 0, 0, 1,0, 0, -0.03,0, 0, 0, 1,
-0.6390662, -0.05748077, 0.3521765,-0.7443408, 0.09950277, 0.660245, 0.01151533,-1.961436, -3.101519, 0.3109849,-0.7213629, -0.08563003, 0.6744975, 0.131743,-0.3724283, 0.5709181, 0.2404715,-0.04393115, 0.6696782, 0.008963237, 0.7412967,0, 0, 0,0, 0, 0, 1,-0.5217037, 0.7212475, 0.8768886,0.01479597, 0.8500893, 0.02834704, -0.525667,0, 0, -0.03,0, 0, 0, 1,0, 0, -0.03,0, 0, 0, 1,
-0.6386123, -0.05786788, 0.3523554,-0.7445515, 0.09961118, 0.6599932, 0.01139282,-1.961436, -3.101519, 0.3109849,-0.7213629, -0.08563003, 0.6744975, 0.131743,-0.3724313, 0.5709372, 0.2404419,-0.04395593, 0.6699548, 0.008924813, 0.7410458,0, 0, 0,0, 0, 0, 1,-0.5217281, 0.7212796, 0.8768819,0.01480262, 0.850089, 0.02826894, -0.5256716,0, 0, -0.03,0, 0, 0, 1,0, 0, -0.03,0, 0, 0, 1,
-0.6381475, -0.05823506, 0.3525315,-0.7445363, 0.09986365, 0.6599717, 0.01141797,-1.961436, -3.101519, 0.3109849,-0.7213629, -0.08563003, 0.6744975, 0.131743,-0.3725767, 0.5709463, 0.2404152,-0.04391614, 0.6701529, 0.008971961, 0.7408684,0, 0, 0,0, 0, 0, 1,-0.5217769, 0.7212402, 0.8768837,0.01483028, 0.8500987, 0.02839719, -0.5256481,0, 0, -0.03,0, 0, 0, 1,0, 0, -0.03,0, 0, 0, 1,
-0.6376088, -0.05862514, 0.3527133,-0.7444766, 0.0997932, 0.6600525, 0.01125354,-1.961436, -3.101519, 0.3109849,-0.7213629, -0.08563003, 0.6744975, 0.131743,-0.3725402, 0.5709414, 0.2403995,-0.04399636, 0.6702937, 0.008975904, 0.7407362,0, 0, 0,0, 0, 0, 1,-0.521737, 0.7212469, 0.8769217,0.0147913, 0.8501045, 0.02836625, -0.5256416,0, 0, -0.03,0, 0, 0, 1,0, 0, -0.03,0, 0, 0, 1,
-0.637141, -0.05900133, 0.3529238,-0.744482, 0.09991485, 0.66003, 0.01113209,-1.961436, -3.101519, 0.3109849,-0.7213629, -0.08563003, 0.6744975, 0.131743,-0.3725045, 0.5709341, 0.2403239,-0.04422817, 0.6702967, 0.009095876, 0.7407182,0, 0, 0,0, 0, 0, 1,-0.5217268, 0.72124, 0.8768839,0.01476758, 0.8500906, 0.02837248, -0.5256644,0, 0, -0.03,0, 0, 0, 1,0, 0, -0.03,0, 0, 0, 1,
-0.6366698, -0.05939044, 0.3531199,-0.7446018, 0.1002753, 0.6598414, 0.01106273,-1.961436, -3.101519, 0.3109849,-0.7213629, -0.08563003, 0.6744975, 0.131743,-0.3724886, 0.5709298, 0.2403316,-0.04417965, 0.6703362, 0.008957104, 0.7406871,0, 0, 0,0, 0, 0, 1,-0.5217634, 0.7212473, 0.8768885,0.01484931, 0.8500845, 0.0283809, -0.5256714,0, 0, -0.03,0, 0, 0, 1,0, 0, -0.03,0, 0, 0, 1,
-0.63569, -0.06019837, 0.3534645,-0.7441754, 0.1000011, 0.6603642, 0.0110454,-1.961436, -3.101519, 0.3109849,-0.7213629, -0.08563003, 0.6744975, 0.131743,-0.3719534, 0.5706998, 0.2403985,-0.04369533, 0.6702272, 0.008779096, 0.7408165,0, 0, 0,0, 0, 0, 1,-0.5217537, 0.7212291, 0.8768344,0.01486406, 0.8500825, 0.02843308, -0.5256716,0, 0, -0.03,0, 0, 0, 1,0, 0, -0.03,0, 0, 0, 1,
-0.6352446, -0.06057993, 0.3536533,-0.7443727, 0.1003145, 0.6600956, 0.01096171,-1.961436, -3.101519, 0.3109849,-0.7213629, -0.08563003, 0.6744975, 0.131743,-0.3719015, 0.570709, 0.2403689,-0.04368316, 0.670138, 0.008742847, 0.7408984,0, 0, 0,0, 0, 0, 1,-0.5217911, 0.7212492, 0.8768184,0.01489429, 0.8500612, 0.02840585, -0.5257064,0, 0, -0.03,0, 0, 0, 1,0, 0, -0.03,0, 0, 0, 1,
-0.6352446, -0.06057993, 0.3536533,-0.7443727, 0.1003145, 0.6600956, 0.01096171,-1.961436, -3.101519, 0.3109849,-0.7213629, -0.08563003, 0.6744975, 0.131743,-0.3719015, 0.570709, 0.2403689,-0.04368316, 0.670138, 0.008742847, 0.7408984,0, 0, 0,0, 0, 0, 1,-0.5217685, 0.7212713, 0.8768097,0.01480965, 0.8500292, 0.02838728, -0.5257615,0, 0, -0.03,0, 0, 0, 1,0, 0, -0.03,0, 0, 0, 1,
-0.6347963, -0.06097329, 0.3538168,-0.7442462, 0.1002966, 0.6602404, 0.01100366,-1.961436, -3.101519, 0.3109849,-0.7213629, -0.08563003, 0.6744975, 0.131743,-0.3718162, 0.5706081, 0.2404087,-0.0435545, 0.6700543, 0.008737093, 0.7409819,0, 0, 0,0, 0, 0, 1,-0.5218155, 0.7212484, 0.8768781,0.01491011, 0.850103, 0.02838838, -0.5256393,0, 0, -0.03,0, 0, 0, 1,0, 0, -0.03,0, 0, 0, 1,
-0.6343476, -0.06137207, 0.3539896,-0.7439352, 0.1000726, 0.6606214, 0.01119429,-1.961436, -3.101519, 0.3109849,-0.7213629, -0.08563003, 0.6744975, 0.131743,-0.371784, 0.5705772, 0.2404012,-0.04346702, 0.6699047, 0.008563865, 0.7411242,0, 0, 0,0, 0, 0, 1,-0.5218026, 0.7212496, 0.8768587,0.01487567, 0.8500651, 0.02845681, -0.5256981,0, 0, -0.03,0, 0, 0, 1,0, 0, -0.03,0, 0, 0, 1,
-0.6339085, -0.06176338, 0.3541722,-0.7437952, 0.1001098, 0.660769, 0.01145723,-1.961436, -3.101519, 0.3109849,-0.7213629, -0.08563003, 0.6744975, 0.131743,-0.372134, 0.5707067, 0.2402378,-0.04335243, 0.669917, 0.008560059, 0.7411197,0, 0, 0,0, 0, 0, 1,-0.5217932, 0.7212487, 0.8768921,0.01487012, 0.8500704, 0.0284891, -0.5256878,0, 0, -0.03,0, 0, 0, 1,0, 0, -0.03,0, 0, 0, 1,
-0.6334407, -0.06214755, 0.3543786,-0.7437618, 0.1001761, 0.6607967, 0.01144435,-1.961436, -3.101519, 0.3109849,-0.7213629, -0.08563003, 0.6744975, 0.131743,-0.3721634, 0.5707022, 0.240223,-0.04336951, 0.6699773, 0.00850647, 0.741065,0, 0, 0,0, 0, 0, 1,-0.5218157, 0.7212609, 0.8768867,0.01480412, 0.8500872, 0.02849756, -0.5256619,0, 0, -0.03,0, 0, 0, 1,0, 0, -0.03,0, 0, 0, 1,
-0.6329112, -0.06254341, 0.3545853,-0.7438346, 0.1001445, 0.6607199, 0.01142378,-1.961436, -3.101519, 0.3109849,-0.7213629, -0.08563003, 0.6744975, 0.131743,-0.3721012, 0.5706543, 0.2401661,-0.04347657, 0.6699122, 0.008619582, 0.7411162,0, 0, 0,0, 0, 0, 1,-0.521823, 0.7212697, 0.87691,0.01490345, 0.850079, 0.02840056, -0.5256777,0, 0, -0.03,0, 0, 0, 1,0, 0, -0.03,0, 0, 0, 1,
-0.6323671, -0.06294405, 0.3548052,-0.7437984, 0.09998944, 0.6607833, 0.01147431,-1.961436, -3.101519, 0.3109849,-0.7213629, -0.08563003, 0.6744975, 0.131743,-0.3722836, 0.5707639, 0.2400601,-0.04332637, 0.6699653, 0.008495077, 0.7410784,0, 0, 0,0, 0, 0, 1,-0.521804, 0.7212405, 0.8768557,0.01491227, 0.8500381, 0.02846951, -0.5257397,0, 0, -0.03,0, 0, 0, 1,0, 0, -0.03,0, 0, 0, 1,
-0.631821, -0.06332578, 0.3550487,-0.7439639, 0.09995759, 0.6606085, 0.01108609,-1.961436, -3.101519, 0.3109849,-0.7213629, -0.08563003, 0.6744975, 0.131743,-0.372363, 0.5707436, 0.2400212,-0.04313869, 0.6700088, 0.00837228, 0.7410514,0, 0, 0,0, 0, 0, 1,-0.5218529, 0.7212805, 0.8768663,0.01489985, 0.8500805, 0.02843422, -0.5256736,0, 0, -0.03,0, 0, 0, 1,0, 0, -0.03,0, 0, 0, 1,
-0.6308129, -0.06413259, 0.3554589,-0.7442497, 0.1000324, 0.6602747, 0.01110449,-1.961436, -3.101519, 0.3109849,-0.7213629, -0.08563003, 0.6744975, 0.131743,-0.3720531, 0.57062, 0.2401147,-0.04335497, 0.6699934, 0.008569846, 0.7410505,0, 0, 0,0, 0, 0, 1,-0.5218419, 0.7212852, 0.8768127,0.01488498, 0.8500232, 0.02845306, -0.5257655,0, 0, -0.03,0, 0, 0, 1,0, 0, -0.03,0, 0, 0, 1,
-0.6303635, -0.064523, 0.3556408,-0.7442856, 0.1000401, 0.6602342, 0.01103811,-1.961436, -3.101519, 0.3109849,-0.7213629, -0.08563003, 0.6744975, 0.131743,-0.3725665, 0.5710513, 0.2398948,-0.04349932, 0.6700445, 0.008716923, 0.7409941,0, 0, 0,0, 0, 0, 1,-0.5219477, 0.7212176, 0.8768253,0.01495635, 0.8500513, 0.02855944, -0.5257124,0, 0, -0.03,0, 0, 0, 1,0, 0, -0.03,0, 0, 0, 1,
-0.6299053, -0.06492683, 0.3558249,-0.7443424, 0.1001168, 0.6601591, 0.01100306,-1.961436, -3.101519, 0.3109849,-0.7213629, -0.08563003, 0.6744975, 0.131743,-0.3725988, 0.5710669, 0.2398221,-0.04321431, 0.6701626, 0.008577774, 0.7409056,0, 0, 0,0, 0, 0, 1,-0.521905, 0.7212346, 0.87686,0.01489319, 0.8500786, 0.02844565, -0.5256763,0, 0, -0.03,0, 0, 0, 1,0, 0, -0.03,0, 0, 0, 1,
-0.6294259, -0.06535025, 0.3559948,-0.7442933, 0.1002412, 0.6601922, 0.01120438,-1.961436, -3.101519, 0.3109849,-0.7213629, -0.08563003, 0.6744975, 0.131743,-0.372325, 0.5709839, 0.2397373,-0.04299469, 0.6701126, 0.008381507, 0.7409658,0, 0, 0,0, 0, 0, 1,-0.5219113, 0.7212371, 0.8768762,0.01489161, 0.8500996, 0.02847602, -0.5256407,0, 0, -0.03,0, 0, 0, 1,0, 0, -0.03,0, 0, 0, 1,
-0.6289468, -0.06575999, 0.3562077,-0.744151, 0.1000573, 0.6603816, 0.01113816,-1.961436, -3.101519, 0.3109849,-0.7213629, -0.08563003, 0.6744975, 0.131743,-0.3723037, 0.5709804, 0.2396969,-0.04305302, 0.6701186, 0.008389615, 0.7409568,0, 0, 0,0, 0, 0, 1,-0.5218747, 0.7211708, 0.8768797,0.01494066, 0.8500758, 0.02858891, -0.5256716,0, 0, -0.03,0, 0, 0, 1,0, 0, -0.03,0, 0, 0, 1,
-0.6289468, -0.06575999, 0.3562077,-0.744151, 0.1000573, 0.6603816, 0.01113816,-1.961436, -3.101519, 0.3109849,-0.7213629, -0.08563003, 0.6744975, 0.131743,-0.3723037, 0.5709804, 0.2396969,-0.04305302, 0.6701186, 0.008389615, 0.7409568,0, 0, 0,0, 0, 0, 1,-0.5218765, 0.7211669, 0.8769289,0.01494271, 0.8501227, 0.02849749, -0.5256007,0, 0, -0.03,0, 0, 0, 1,0, 0, -0.03,0, 0, 0, 1,
-0.6285192, -0.06617344, 0.3563985,-0.7440969, 0.1000335, 0.6604411, 0.01143454,-1.961436, -3.101519, 0.3109849,-0.7213629, -0.08563003, 0.6744975, 0.131743,-0.372071, 0.5708206, 0.2397213,-0.04327507, 0.6700173, 0.00844593, 0.7410349,0, 0, 0,0, 0, 0, 1,-0.5217945, 0.7211139, 0.8769366,0.01492934, 0.8501209, 0.02860714, -0.525598,0, 0, -0.03,0, 0, 0, 1,0, 0, -0.03,0, 0, 0, 1,
-0.627506, -0.06701422, 0.35685,-0.743875, 0.09989981, 0.6607041, 0.01183677,-1.961436, -3.101519, 0.3109849,-0.7213629, -0.08563003, 0.6744975, 0.131743,-0.371925, 0.5707976, 0.2396061,-0.04328374, 0.6701752, 0.00855429, 0.7408904,0, 0, 0,0, 0, 0, 1,-0.5217211, 0.7211137, 0.8768914,0.01500739, 0.850033, 0.02859961, -0.5257383,0, 0, -0.03,0, 0, 0, 1,0, 0, -0.03,0, 0, 0, 1,
-0.626957, -0.06741379, 0.3571061,-0.7440224, 0.0998527, 0.6605487, 0.01165198,-1.961436, -3.101519, 0.3109849,-0.7213629, -0.08563003, 0.6744975, 0.131743,-0.3718149, 0.5707932, 0.2396246,-0.04328068, 0.6700981, 0.008445377, 0.7409616,0, 0, 0,0, 0, 0, 1,-0.5216925, 0.7211764, 0.8768872,0.01496814, 0.8500316, 0.02849771, -0.5257472,0, 0, -0.03,0, 0, 0, 1,0, 0, -0.03,0, 0, 0, 1,
-0.6264682, -0.06780148, 0.3573478,-0.7440287, 0.09983936, 0.6605442, 0.01160663,-1.961436, -3.101519, 0.3109849,-0.7213629, -0.08563003, 0.6744975, 0.131743,-0.3717628, 0.5708007, 0.2396112,-0.04324788, 0.6700321, 0.00838384, 0.7410238,0, 0, 0,0, 0, 0, 1,-0.5216882, 0.7211215, 0.8768532,0.01504669, 0.8500176, 0.02856532, -0.5257639,0, 0, -0.03,0, 0, 0, 1,0, 0, -0.03,0, 0, 0, 1,
-0.6254224, -0.06865435, 0.3577756,-0.7438467, 0.0997586, 0.6607593, 0.01173507,-1.961436, -3.101519, 0.3109849,-0.7213629, -0.08563003, 0.6744975, 0.131743,-0.3716524, 0.5707297, 0.2395655,-0.04332759, 0.6701574, 0.008400598, 0.7409056,0, 0, 0,0, 0, 0, 1,-0.5217203, 0.7211302, 0.8768428,0.01498052, 0.8500265, 0.02856964, -0.5257511,0, 0, -0.03,0, 0, 0, 1,0, 0, -0.03,0, 0, 0, 1,
-0.6249076, -0.06907339, 0.3580038,-0.7437716, 0.0996131, 0.660867, 0.01166314,-1.961436, -3.101519, 0.3109849,-0.7213629, -0.08563003, 0.6744975, 0.131743,-0.3716114, 0.5707834, 0.2394992,-0.04328159, 0.6701303, 0.008319834, 0.7409337,0, 0, 0,0, 0, 0, 1,-0.5217621, 0.7211982, 0.8768983,0.01502363, 0.8500518, 0.02854804, -0.5257103,0, 0, -0.03,0, 0, 0, 1,0, 0, -0.03,0, 0, 0, 1,
-0.6244104, -0.06948496, 0.3582174,-0.7437048, 0.09975263, 0.6609197, 0.01173475,-1.961436, -3.101519, 0.3109849,-0.7213629, -0.08563003, 0.6744975, 0.131743,-0.3715996, 0.5707864, 0.2394718,-0.04319265, 0.6702008, 0.008213595, 0.7408764,0, 0, 0,0, 0, 0, 1,-0.5217866, 0.7211855, 0.8769245,0.01503213, 0.8500426, 0.02854906, -0.5257249,0, 0, -0.03,0, 0, 0, 1,0, 0, -0.03,0, 0, 0, 1,
-0.6244104, -0.06948496, 0.3582174,-0.7437048, 0.09975263, 0.6609197, 0.01173475,-1.961436, -3.101519, 0.3109849,-0.7213629, -0.08563003, 0.6744975, 0.131743,-0.3715996, 0.5707864, 0.2394718,-0.04319265, 0.6702008, 0.008213595, 0.7408764,0, 0, 0,0, 0, 0, 1,-0.5218244, 0.7211627, 0.8769577,0.01498024, 0.8500758, 0.02865606, -0.5256669,0, 0, -0.03,0, 0, 0, 1,0, 0, -0.03,0, 0, 0, 1,
-0.6239005, -0.06990236, 0.3584307,-0.7436184, 0.09986848, 0.6609988, 0.01177847,-1.961436, -3.101519, 0.3109849,-0.7213629, -0.08563003, 0.6744975, 0.131743,-0.3715604, 0.5707651, 0.2395145,-0.04320408, 0.6701272, 0.008000148, 0.7409447,0, 0, 0,0, 0, 0, 1,-0.5218503, 0.7211615, 0.8769211,0.01501747, 0.8500561, 0.02863888, -0.5256987,0, 0, -0.03,0, 0, 0, 1,0, 0, -0.03,0, 0, 0, 1,
-0.6233734, -0.07031237, 0.3586467,-0.7436647, 0.09986983, 0.6609485, 0.01165755,-1.961436, -3.101519, 0.3109849,-0.7213629, -0.08563003, 0.6744975, 0.131743,-0.3715459, 0.5707664, 0.2394978,-0.0430919, 0.6700715, 0.007943721, 0.7410021,0, 0, 0,0, 0, 0, 1,-0.5218225, 0.7212021, 0.8768931,0.01500071, 0.8500588, 0.02859004, -0.5256974,0, 0, -0.03,0, 0, 0, 1,0, 0, -0.03,0, 0, 0, 1,
-0.6228625, -0.07074287, 0.3588627,-0.7437121, 0.09988263, 0.6608968, 0.01145744,-1.961436, -3.101519, 0.3109849,-0.7213629, -0.08563003, 0.6744975, 0.131743,-0.3716955, 0.5708533, 0.2393049,-0.04326695, 0.6701299, 0.007984416, 0.7409388,0, 0, 0,0, 0, 0, 1,-0.5218049, 0.7212363, 0.8768587,0.01504048, 0.8500679, 0.02856256, -0.525683,0, 0, -0.03,0, 0, 0, 1,0, 0, -0.03,0, 0, 0, 1,
-0.6223809, -0.0711604, 0.3590638,-0.7436739, 0.1001463, 0.6608962, 0.01166897,-1.961436, -3.101519, 0.3109849,-0.7213629, -0.08563003, 0.6744975, 0.131743,-0.3713701, 0.5707605, 0.2393598,-0.04333853, 0.6700447, 0.007939499, 0.7410121,0, 0, 0,0, 0, 0, 1,-0.5217758, 0.7212601, 0.8768185,0.01504967, 0.8500534, 0.02850566, -0.5257092,0, 0, -0.03,0, 0, 0, 1,0, 0, -0.03,0, 0, 0, 1,
-0.6218323, -0.07159935, 0.3592952,-0.7436883, 0.1001043, 0.6608891, 0.01150623,-1.961436, -3.101519, 0.3109849,-0.7213629, -0.08563003, 0.6744975, 0.131743,-0.3713648, 0.5707567, 0.2393295,-0.04318555, 0.669874, 0.007873772, 0.7411761,0, 0, 0,0, 0, 0, 1,-0.5217705, 0.721252, 0.8767839,0.01498688, 0.8500406, 0.02852591, -0.5257307,0, 0, -0.03,0, 0, 0, 1,0, 0, -0.03,0, 0, 0, 1,
-0.6213376, -0.07202715, 0.3595069,-0.7436538, 0.1000999, 0.6609293, 0.01146576,-1.961436, -3.101519, 0.3109849,-0.7213629, -0.08563003, 0.6744975, 0.131743,-0.3711642, 0.5706328, 0.2394878,-0.04316379, 0.6699278, 0.007807372, 0.7411293,0, 0, 0,0, 0, 0, 1,-0.5217347, 0.7212515, 0.8767576,0.01493349, 0.8500586, 0.02851554, -0.5257037,0, 0, -0.03,0, 0, 0, 1,0, 0, -0.03,0, 0, 0, 1,
-0.6203538, -0.072869, 0.3599462,-0.7437426, 0.1003675, 0.6607858, 0.01164177,-1.961436, -3.101519, 0.3109849,-0.7213629, -0.08563003, 0.6744975, 0.131743,-0.3705952, 0.5702894, 0.2396956,-0.04319586, 0.6696281, 0.007868329, 0.7413976,0, 0, 0,0, 0, 0, 1,-0.5217002, 0.7212376, 0.8767427,0.0149007, 0.8500316, 0.02852932, -0.5257475,0, 0, -0.03,0, 0, 0, 1,0, 0, -0.03,0, 0, 0, 1,
-0.6198021, -0.07330243, 0.3601774,-0.7437292, 0.1002766, 0.6608173, 0.0114976,-1.961436, -3.101519, 0.3109849,-0.7213629, -0.08563003, 0.6744975, 0.131743,-0.3705263, 0.5702786, 0.2397061,-0.04330056, 0.6696455, 0.007898808, 0.7413755,0, 0, 0,0, 0, 0, 1,-0.5217602, 0.7212161, 0.8768163,0.01503274, 0.8501118, 0.02857592, -0.5256115,0, 0, -0.03,0, 0, 0, 1,0, 0, -0.03,0, 0, 0, 1,
-0.6192635, -0.07372126, 0.3604176,-0.7436967, 0.1001747, 0.6608706, 0.01141703,-1.961436, -3.101519, 0.3109849,-0.7213629, -0.08563003, 0.6744975, 0.131743,-0.3705355, 0.5701932, 0.2397281,-0.04316951, 0.6696309, 0.007810115, 0.7413972,0, 0, 0,0, 0, 0, 1,-0.5217178, 0.7212299, 0.8767797,0.0149667, 0.8500496, 0.02860193, -0.5257125,0, 0, -0.03,0, 0, 0, 1,0, 0, -0.03,0, 0, 0, 1,
-0.618708, -0.07415666, 0.3606839,-0.7438908, 0.1004248, 0.6606159, 0.01131065,-1.961436, -3.101519, 0.3109849,-0.7213629, -0.08563003, 0.6744975, 0.131743,-0.3705363, 0.5701931, 0.2397397,-0.04300584, 0.6695558, 0.007668115, 0.7414761,0, 0, 0,0, 0, 0, 1,-0.5217171, 0.7212133, 0.876828,0.01500779, 0.850073, 0.02858821, -0.5256742,0, 0, -0.03,0, 0, 0, 1,0, 0, -0.03,0, 0, 0, 1,
-0.6181468, -0.07456353, 0.3609394,-0.7442653, 0.1005777, 0.6601754, 0.01103553,-1.961436, -3.101519, 0.3109849,-0.7213629, -0.08563003, 0.6744975, 0.131743,-0.3705807, 0.5702273, 0.2397538,-0.04268285, 0.6694795, 0.007335781, 0.741567,0, 0, 0,0, 0, 0, 1,-0.5217459, 0.7211741, 0.8768543,0.01501087, 0.850099, 0.02859376, -0.5256318,0, 0, -0.03,0, 0, 0, 1,0, 0, -0.03,0, 0, 0, 1,
-0.6175986, -0.07498887, 0.3611977,-0.7444621, 0.1007615, 0.6599289, 0.01083292,-1.961436, -3.101519, 0.3109849,-0.7213629, -0.08563003, 0.6744975, 0.131743,-0.3708324, 0.5704126, 0.2395219,-0.04259861, 0.6695458, 0.007198527, 0.7415133,0, 0, 0,0, 0, 0, 1,-0.5217538, 0.7211676, 0.8768232,0.01495729, 0.8501216, 0.02860017, -0.5255964,0, 0, -0.03,0, 0, 0, 1,0, 0, -0.03,0, 0, 0, 1,
-0.6170419, -0.07540891, 0.3614354,-0.7446243, 0.1009426, 0.6597182, 0.01083155,-1.961436, -3.101519, 0.3109849,-0.7213629, -0.08563003, 0.6744975, 0.131743,-0.3708262, 0.5704005, 0.239503,-0.04256037, 0.6695741, 0.007186614, 0.7414901,0, 0, 0,0, 0, 0, 1,-0.5217944, 0.7211644, 0.8767701,0.01497072, 0.8500761, 0.02860993, -0.5256692,0, 0, -0.03,0, 0, 0, 1,0, 0, -0.03,0, 0, 0, 1,
-0.6164693, -0.07584801, 0.3617016,-0.7444158, 0.1008204, 0.6599763, 0.01057248,-1.961436, -3.101519, 0.3109849,-0.7213629, -0.08563003, 0.6744975, 0.131743,-0.3705017, 0.5702965, 0.2395535,-0.04257879, 0.6695037, 0.00730869, 0.7415514,0, 0, 0,0, 0, 0, 1,-0.5218222, 0.7211713, 0.8767462,0.01496603, 0.8500748, 0.02859755, -0.525672,0, 0, -0.03,0, 0, 0, 1,0, 0, -0.03,0, 0, 0, 1,
-0.6159253, -0.07626455, 0.3619619,-0.744505, 0.1011999, 0.6598185, 0.01050912,-1.961436, -3.101519, 0.3109849,-0.7213629, -0.08563003, 0.6744975, 0.131743,-0.3702675, 0.5700883, 0.2397444,-0.04255389, 0.6694338, 0.007156486, 0.7416174,0, 0, 0,0, 0, 0, 1,-0.5218461, 0.7211512, 0.8767792,0.01505002, 0.8500722, 0.02858759, -0.5256745,0, 0, -0.03,0, 0, 0, 1,0, 0, -0.03,0, 0, 0, 1,
-0.6153929, -0.07670178, 0.3622037,-0.744352, 0.1012316, 0.6599891, 0.01033248,-1.961436, -3.101519, 0.3109849,-0.7213629, -0.08563003, 0.6744975, 0.131743,-0.3702568, 0.5700669, 0.2397473,-0.04246552, 0.6693819, 0.007179613, 0.7416691,0, 0, 0,0, 0, 0, 1,-0.5218199, 0.7211883, 0.8767862,0.01497646, 0.8500414, 0.02854619, -0.5257286,0, 0, -0.03,0, 0, 0, 1,0, 0, -0.03,0, 0, 0, 1,
-0.614877, -0.07713202, 0.3624152,-0.7442367, 0.101486, 0.66008, 0.01033628,-1.961436, -3.101519, 0.3109849,-0.7213629, -0.08563003, 0.6744975, 0.131743,-0.3701147, 0.5699191, 0.2398487,-0.04233777, 0.6694143, 0.007139026, 0.7416475,0, 0, 0,0, 0, 0, 1,-0.5217937, 0.7211508, 0.8768338,0.01494807, 0.8500604, 0.02870747, -0.5256898,0, 0, -0.03,0, 0, 0, 1,0, 0, -0.03,0, 0, 0, 1,
-0.6143702, -0.07756917, 0.3626445,-0.7440296, 0.1014543, 0.6603184, 0.01033388,-1.961436, -3.101519, 0.3109849,-0.7213629, -0.08563003, 0.6744975, 0.131743,-0.3701642, 0.569921, 0.2398318,-0.04219284, 0.6694771, 0.007017052, 0.7416003,0, 0, 0,0, 0, 0, 1,-0.5217885, 0.7211499, 0.8769007,0.01495444, 0.8500595, 0.02867675, -0.5256928,0, 0, -0.03,0, 0, 0, 1,0, 0, -0.03,0, 0, 0, 1,
-0.6138476, -0.07801536, 0.3628877,-0.7440926, 0.1017397, 0.6602056, 0.0101966,-1.961436, -3.101519, 0.3109849,-0.7213629, -0.08563003, 0.6744975, 0.131743,-0.3701141, 0.569913, 0.2398408,-0.04209926, 0.6693606, 0.006956669, 0.7417113,0, 0, 0,0, 0, 0, 1,-0.5217589, 0.721113, 0.8769374,0.0149759, 0.8501022, 0.02874138, -0.5256195,0, 0, -0.03,0, 0, 0, 1,0, 0, -0.03,0, 0, 0, 1,
-0.6132603, -0.07846117, 0.3631414,-0.744208, 0.1018223, 0.6600642, 0.01010317,-1.961436, -3.101519, 0.3109849,-0.7213629, -0.08563003, 0.6744975, 0.131743,-0.3701408, 0.5699045, 0.2398537,-0.04207293, 0.6692511, 0.006819023, 0.7418128,0, 0, 0,0, 0, 0, 1,-0.5217142, 0.7211327, 0.8769837,0.01490675, 0.8501445, 0.0287224, -0.5255541,0, 0, -0.03,0, 0, 0, 1,0, 0, -0.03,0, 0, 0, 1,
-0.6126766, -0.07888339, 0.3634229,-0.7445062, 0.1020338, 0.6596979, 0.009922266,-1.961436, -3.101519, 0.3109849,-0.7213629, -0.08563003, 0.6744975, 0.131743,-0.3700441, 0.569866, 0.2398522,-0.04208391, 0.669148, 0.006777376, 0.7419057,0, 0, 0,0, 0, 0, 1,-0.5216652, 0.7211121, 0.8769557,0.01493899, 0.8500811, 0.02870236, -0.5256568,0, 0, -0.03,0, 0, 0, 1,0, 0, -0.03,0, 0, 0, 1,
-0.6120665, -0.07928309, 0.3637223,-0.7452574, 0.1025455, 0.6587761, 0.009488493,-1.961436, -3.101519, 0.3109849,-0.7213629, -0.08563003, 0.6744975, 0.131743,-0.370447, 0.57003, 0.239659,-0.04186929, 0.6689964, 0.006609434, 0.742056,0, 0, 0,0, 0, 0, 1,-0.5216265, 0.7211037, 0.8769928,0.0149908, 0.8500826, 0.0286883, -0.5256539,0, 0, -0.03,0, 0, 0, 1,0, 0, -0.03,0, 0, 0, 1,
-0.6114686, -0.07968931, 0.3640208,-0.7457812, 0.1028733, 0.6581381, 0.009051442,-1.961436, -3.101519, 0.3109849,-0.7213629, -0.08563003, 0.6744975, 0.131743,-0.3704858, 0.5700411, 0.2396027,-0.04179558, 0.6689429, 0.006636293, 0.7421082,0, 0, 0,0, 0, 0, 1,-0.5215707, 0.7211207, 0.8769451,0.01491598, 0.8500609, 0.02866729, -0.5256922,0, 0, -0.03,0, 0, 0, 1,0, 0, -0.03,0, 0, 0, 1,
-0.6108271, -0.08007407, 0.3643042,-0.7467656, 0.1036386, 0.6569039, 0.008805364,-1.961436, -3.101519, 0.3109849,-0.7213629, -0.08563003, 0.6744975, 0.131743,-0.3700364, 0.5698206, 0.2397222,-0.04175447, 0.6688338, 0.006706094, 0.7422082,0, 0, 0,0, 0, 0, 1,-0.5216186, 0.7210946, 0.8769552,0.01497951, 0.8501098, 0.02873793, -0.5256073,0, 0, -0.03,0, 0, 0, 1,0, 0, -0.03,0, 0, 0, 1,
-0.6101937, -0.08051665, 0.3645805,-0.7472774, 0.1037261, 0.656318, 0.007997543,-1.961436, -3.101519, 0.3109849,-0.7213629, -0.08563003, 0.6744975, 0.131743,-0.3699977, 0.569823, 0.2397028,-0.04167077, 0.6686718, 0.00678191, 0.7423581,0, 0, 0,0, 0, 0, 1,-0.521598, 0.721139, 0.8769326,0.01490981, 0.8500883, 0.0286948, -0.5256466,0, 0, -0.03,0, 0, 0, 1,0, 0, -0.03,0, 0, 0, 1,
-0.6101937, -0.08051665, 0.3645805,-0.7472774, 0.1037261, 0.656318, 0.007997543,-1.961436, -3.101519, 0.3109849,-0.7213629, -0.08563003, 0.6744975, 0.131743,-0.3699977, 0.569823, 0.2397028,-0.04167077, 0.6686718, 0.00678191, 0.7423581,0, 0, 0,0, 0, 0, 1,-0.5216455, 0.7211331, 0.8768827,0.01494867, 0.850037, 0.02869225, -0.5257285,0, 0, -0.03,0, 0, 0, 1,0, 0, -0.03,0, 0, 0, 1,
-0.609098, -0.08139149, 0.3650354,-0.7482338, 0.1045509, 0.6550965, 0.008006141,-1.961436, -3.101519, 0.3109849,-0.7213629, -0.08563003, 0.6744975, 0.131743,-0.3696594, 0.5696341, 0.239816,-0.04120402, 0.6687516, 0.006571987, 0.7423142,0, 0, 0,0, 0, 0, 1,-0.521733, 0.7211014, 0.876934,0.01496786, 0.8500639, 0.02879325, -0.525679,0, 0, -0.03,0, 0, 0, 1,0, 0, -0.03,0, 0, 0, 1,
-0.6085578, -0.08182992, 0.365284,-0.7485476, 0.1047981, 0.654699, 0.007951841,-1.961436, -3.101519, 0.3109849,-0.7213629, -0.08563003, 0.6744975, 0.131743,-0.3697992, 0.5696266, 0.2398152,-0.04102957, 0.6687288, 0.006405203, 0.7423458,0, 0, 0,0, 0, 0, 1,-0.5217766, 0.7210894, 0.8769303,0.01492251, 0.8500459, 0.02869215, -0.5257148,0, 0, -0.03,0, 0, 0, 1,0, 0, -0.03,0, 0, 0, 1,
-0.6080536, -0.08231045, 0.3655456,-0.7483822, 0.1047577, 0.6548969, 0.007740811,-1.961436, -3.101519, 0.3109849,-0.7213629, -0.08563003, 0.6744975, 0.131743,-0.3697487, 0.569599, 0.2398582,-0.04126963, 0.6687071, 0.006437835, 0.7423518,0, 0, 0,0, 0, 0, 1,-0.5217821, 0.721084, 0.8769421,0.01486687, 0.8500495, 0.02875676, -0.5257071,0, 0, -0.03,0, 0, 0, 1,0, 0, -0.03,0, 0, 0, 1,
-0.6075346, -0.08280116, 0.3657878,-0.7478853, 0.104498, 0.6554984, 0.00835079,-1.961436, -3.101519, 0.3109849,-0.7213629, -0.08563003, 0.6744975, 0.131743,-0.3694212, 0.5694133, 0.2399472,-0.04152688, 0.6686693, 0.006480083, 0.7423711,0, 0, 0,0, 0, 0, 1,-0.5218609, 0.721056, 0.8770022,0.01489383, 0.8501092, 0.02875847, -0.5256096,0, 0, -0.03,0, 0, 0, 1,0, 0, -0.03,0, 0, 0, 1,
-0.6070061, -0.08329097, 0.3660658,-0.7472764, 0.1037256, 0.6563154, 0.00831905,-1.961436, -3.101519, 0.3109849,-0.7213629, -0.08563003, 0.6744975, 0.131743,-0.3692839, 0.569361, 0.2400039,-0.04167868, 0.6687046, 0.006679795, 0.7423291,0, 0, 0,0, 0, 0, 1,-0.5218832, 0.7210588, 0.8770091,0.01491074, 0.850073, 0.02872688, -0.5256695,0, 0, -0.03,0, 0, 0, 1,0, 0, -0.03,0, 0, 0, 1,
-0.6065282, -0.08375078, 0.3663576,-0.7471309, 0.1037175, 0.6564755, 0.008845389,-1.961436, -3.101519, 0.3109849,-0.7213629, -0.08563003, 0.6744975, 0.131743,-0.3692302, 0.5693495, 0.2400176,-0.04168786, 0.6687987, 0.006704984, 0.7422435,0, 0, 0,0, 0, 0, 1,-0.5218424, 0.7210938, 0.8769771,0.01485117, 0.8500529, 0.02873561, -0.5257033,0, 0, -0.03,0, 0, 0, 1,0, 0, -0.03,0, 0, 0, 1,
-0.6059677, -0.08422348, 0.3666343,-0.7473258, 0.1037225, 0.6562511, 0.008964658,-1.961436, -3.101519, 0.3109849,-0.7213629, -0.08563003, 0.6744975, 0.131743,-0.3691805, 0.5693371, 0.2400477,-0.04155694, 0.6687784, 0.006648491, 0.7422697,0, 0, 0,0, 0, 0, 1,-0.5218267, 0.7210835, 0.8769456,0.0148819, 0.8500269, 0.02871447, -0.5257455,0, 0, -0.03,0, 0, 0, 1,0, 0, -0.03,0, 0, 0, 1,
-0.6053692, -0.08471213, 0.3669402,-0.7469953, 0.1030589, 0.6567317, 0.008965626,-1.961436, -3.101519, 0.3109849,-0.7213629, -0.08563003, 0.6744975, 0.131743,-0.3691008, 0.5692521, 0.2400838,-0.04134483, 0.6687884, 0.006505901, 0.7422739,0, 0, 0,0, 0, 0, 1,-0.5218114, 0.7210754, 0.8769432,0.01490727, 0.8500436, 0.02876209, -0.5257152,0, 0, -0.03,0, 0, 0, 1,0, 0, -0.03,0, 0, 0, 1,
-0.6048456, -0.08516254, 0.3672277,-0.7469001, 0.1028999, 0.6568615, 0.009210795,-1.961436, -3.101519, 0.3109849,-0.7213629, -0.08563003, 0.6744975, 0.131743,-0.369094, 0.5692793, 0.2400126,-0.04137706, 0.6688516, 0.00654586, 0.7422147,0, 0, 0,0, 0, 0, 1,-0.5217681, 0.721132, 0.8769618,0.01485968, 0.8500479, 0.02861825, -0.5257174,0, 0, -0.03,0, 0, 0, 1,0, 0, -0.03,0, 0, 0, 1,
-0.6042839, -0.08563767, 0.3675396,-0.7470121, 0.1027933, 0.6567486, 0.009371623,-1.961436, -3.101519, 0.3109849,-0.7213629, -0.08563003, 0.6744975, 0.131743,-0.3690406, 0.5692603, 0.2400419,-0.04128411, 0.6687561, 0.006472173, 0.7423065,0, 0, 0,0, 0, 0, 1,-0.5217284, 0.721104, 0.8769298,0.0148166, 0.8500434, 0.02873894, -0.5257194,0, 0, -0.03,0, 0, 0, 1,0, 0, -0.03,0, 0, 0, 1,
-0.6037385, -0.08610453, 0.3678198,-0.747299, 0.1027065, 0.6564387, 0.009164587,-1.961436, -3.101519, 0.3109849,-0.7213629, -0.08563003, 0.6744975, 0.131743,-0.3690847, 0.5692555, 0.2399504,-0.04135725, 0.6686926, 0.006358797, 0.7423607,0, 0, 0,0, 0, 0, 1,-0.5217516, 0.7210902, 0.8769331,0.01485873, 0.8500634, 0.02875572, -0.5256849,0, 0, -0.03,0, 0, 0, 1,0, 0, -0.03,0, 0, 0, 1,
-0.6032378, -0.08658624, 0.3680766,-0.7468066, 0.1025549, 0.6570172, 0.009535179,-1.961436, -3.101519, 0.3109849,-0.7213629, -0.08563003, 0.6744975, 0.131743,-0.3690033, 0.5692344, 0.2399443,-0.04142981, 0.6687186, 0.006441306, 0.7423325,0, 0, 0,0, 0, 0, 1,-0.5217088, 0.7210996, 0.8769524,0.01491213, 0.850113, 0.02874939, -0.5256034,0, 0, -0.03,0, 0, 0, 1,0, 0, -0.03,0, 0, 0, 1,
-0.6027288, -0.08707637, 0.3683276,-0.7466236, 0.1024052, 0.6572434, 0.009877756,-1.961436, -3.101519, 0.3109849,-0.7213629, -0.08563003, 0.6744975, 0.131743,-0.3687749, 0.5691278, 0.239915,-0.04152984, 0.6686943, 0.006536748, 0.742348,0, 0, 0,0, 0, 0, 1,-0.5216277, 0.7211278, 0.8768604,0.01491828, 0.8500375, 0.02881306, -0.525722,0, 0, -0.03,0, 0, 0, 1,0, 0, -0.03,0, 0, 0, 1,
-0.6022349, -0.08753162, 0.3686133,-0.7466976, 0.1024567, 0.6571476, 0.01011471,-1.961436, -3.101519, 0.3109849,-0.7213629, -0.08563003, 0.6744975, 0.131743,-0.3686982, 0.569111, 0.2399017,-0.04157588, 0.6687816, 0.006538173, 0.7422667,0, 0, 0,0, 0, 0, 1,-0.5215732, 0.7211341, 0.876888,0.01481126, 0.8500708, 0.02880587, -0.5256717,0, 0, -0.03,0, 0, 0, 1,0, 0, -0.03,0, 0, 0, 1,
-0.6017069, -0.08801501, 0.368901,-0.7465681, 0.1023625, 0.6573099, 0.01009108,-1.961436, -3.101519, 0.3109849,-0.7213629, -0.08563003, 0.6744975, 0.131743,-0.3684365, 0.5690418, 0.2400603,-0.0413968, 0.6687642, 0.0065212, 0.7422925,0, 0, 0,0, 0, 0, 1,-0.5215974, 0.7211106, 0.8768988,0.01489049, 0.8500671, 0.02881183, -0.525675,0, 0, -0.03,0, 0, 0, 1,0, 0, -0.03,0, 0, 0, 1,
-0.6010999, -0.08847205, 0.3691491,-0.7464741, 0.102387, 0.6574095, 0.01030017,-1.961436, -3.101519, 0.3109849,-0.7213629, -0.08563003, 0.6744975, 0.131743,-0.3690655, 0.569298, 0.2398911,-0.0411242, 0.6688443, 0.006368164, 0.7422369,0, 0, 0,0, 0, 0, 1,-0.5216044, 0.7211642, 0.8768827,0.01480488, 0.8500377, 0.02878128, -0.5257266,0, 0, -0.03,0, 0, 0, 1,0, 0, -0.03,0, 0, 0, 1,
-0.6004838, -0.0889254, 0.3694661,-0.7464888, 0.102128, 0.6574384, 0.009962663,-1.961436, -3.101519, 0.3109849,-0.7213629, -0.08563003, 0.6744975, 0.131743,-0.3687219, 0.5691259, 0.2400187,-0.04097753, 0.6687995, 0.006323696, 0.7422857,0, 0, 0,0, 0, 0, 1,-0.5216612, 0.7211673, 0.8769418,0.01479422, 0.8500783, 0.02872412, -0.5256643,0, 0, -0.03,0, 0, 0, 1,0, 0, -0.03,0, 0, 0, 1,
-0.5999627, -0.08936914, 0.369765,-0.7464576, 0.1022952, 0.657448, 0.00995113,-1.961436, -3.101519, 0.3109849,-0.7213629, -0.08563003, 0.6744975, 0.131743,-0.3692661, 0.5695369, 0.2398193,-0.04106575, 0.6687163, 0.006475338, 0.7423545,0, 0, 0,0, 0, 0, 1,-0.5216662, 0.7211347, 0.8769083,0.0148531, 0.8500579, 0.02872733, -0.5256954,0, 0, -0.03,0, 0, 0, 1,0, 0, -0.03,0, 0, 0, 1,
-0.5994357, -0.08985142, 0.3700453,-0.7463272, 0.1024748, 0.6575667, 0.01004021,-1.961436, -3.101519, 0.3109849,-0.7213629, -0.08563003, 0.6744975, 0.131743,-0.3692253, 0.5695333, 0.2398057,-0.04117284, 0.6687594, 0.00650404, 0.7423095,0, 0, 0,0, 0, 0, 1,-0.5216972, 0.7211277, 0.876953,0.014862, 0.8500622, 0.02870327, -0.5256897,0, 0, -0.03,0, 0, 0, 1,0, 0, -0.03,0, 0, 0, 1,
-0.598936, -0.09034165, 0.3702807,-0.7456294, 0.1021271, 0.6584111, 0.01009549,-1.961436, -3.101519, 0.3109849,-0.7213629, -0.08563003, 0.6744975, 0.131743,-0.3690101, 0.569451, 0.2397847,-0.04104577, 0.6688004, 0.006566884, 0.742279,0, 0, 0,0, 0, 0, 1,-0.5216508, 0.7211246, 0.8768958,0.01475865, 0.8500274, 0.0287405, -0.5257468,0, 0, -0.03,0, 0, 0, 1,0, 0, -0.03,0, 0, 0, 1,
-0.5984283, -0.09082044, 0.3704784,-0.7452502, 0.1021068, 0.6588404, 0.01028855,-1.961436, -3.101519, 0.3109849,-0.7213629, -0.08563003, 0.6744975, 0.131743,-0.3689635, 0.569456, 0.2397642,-0.04097201, 0.6688122, 0.006486977, 0.7422732,0, 0, 0,0, 0, 0, 1,-0.5216519, 0.7211197, 0.8769399,0.01477027, 0.8500674, 0.02872329, -0.5256828,0, 0, -0.03,0, 0, 0, 1,0, 0, -0.03,0, 0, 0, 1,
-0.5978861, -0.0912828, 0.3707545,-0.7452874, 0.1021112, 0.6588009, 0.01007657,-1.961436, -3.101519, 0.3109849,-0.7213629, -0.08563003, 0.6744975, 0.131743,-0.368961, 0.5694784, 0.2396742,-0.04085979, 0.6688709, 0.006450408, 0.7422267,0, 0, 0,0, 0, 0, 1,-0.5216839, 0.7210652, 0.8769518,0.01482189, 0.8500714, 0.02877451, -0.5256718,0, 0, -0.03,0, 0, 0, 1,0, 0, -0.03,0, 0, 0, 1,
-0.5973619, -0.09172621, 0.371031,-0.7453269, 0.1023662, 0.6587179, 0.009992525,-1.961436, -3.101519, 0.3109849,-0.7213629, -0.08563003, 0.6744975, 0.131743,-0.3689733, 0.5694696, 0.2396182,-0.0406744, 0.6689491, 0.006272829, 0.742168,0, 0, 0,0, 0, 0, 1,-0.5216335, 0.7210161, 0.8769149,0.01483573, 0.850055, 0.02883985, -0.5256946,0, 0, -0.03,0, 0, 0, 1,0, 0, -0.03,0, 0, 0, 1,
-0.5967944, -0.09217755, 0.3713136,-0.7452272, 0.1026325, 0.6587898, 0.009951398,-1.961436, -3.101519, 0.3109849,-0.7213629, -0.08563003, 0.6744975, 0.131743,-0.3689531, 0.5694762, 0.2395537,-0.04066341, 0.6688837, 0.006169836, 0.7422284,0, 0, 0,0, 0, 0, 1,-0.5216072, 0.7209949, 0.8769222,0.01489781, 0.8500624, 0.02880624, -0.5256826,0, 0, -0.03,0, 0, 0, 1,0, 0, -0.03,0, 0, 0, 1,
-0.5962113, -0.09265485, 0.3715967,-0.7450171, 0.1024961, 0.6590518, 0.009749532,-1.961436, -3.101519, 0.3109849,-0.7213629, -0.08563003, 0.6744975, 0.131743,-0.3687401, 0.569386, 0.2395343,-0.04074857, 0.6687813, 0.006273719, 0.7423151,0, 0, 0,0, 0, 0, 1,-0.5215764, 0.7209843, 0.8768851,0.01485682, 0.8500164, 0.02884041, -0.5257563,0, 0, -0.03,0, 0, 0, 1,0, 0, -0.03,0, 0, 0, 1,
-0.5956638, -0.09310458, 0.3718934,-0.7450427, 0.1028494, 0.6589652, 0.009919912,-1.961436, -3.101519, 0.3109849,-0.7213629, -0.08563003, 0.6744975, 0.131743,-0.3687017, 0.5693733, 0.2394561,-0.04068162, 0.6688036, 0.006247389, 0.742299,0, 0, 0,0, 0, 0, 1,-0.5215397, 0.7209783, 0.8768865,0.0147966, 0.8500347, 0.02879359, -0.5257309,0, 0, -0.03,0, 0, 0, 1,0, 0, -0.03,0, 0, 0, 1,
-0.595102, -0.09357453, 0.3721939,-0.7450445, 0.1028263, 0.6589686, 0.009783253,-1.961436, -3.101519, 0.3109849,-0.7213629, -0.08563003, 0.6744975, 0.131743,-0.36868, 0.569366, 0.2394673,-0.04057204, 0.6686842, 0.006160319, 0.7424132,0, 0, 0,0, 0, 0, 1,-0.5215324, 0.7209607, 0.8768942,0.01483556, 0.8499941, 0.02880838, -0.5257948,0, 0, -0.03,0, 0, 0, 1,0, 0, -0.03,0, 0, 0, 1,
-0.5945619, -0.09403861, 0.3724789,-0.744895, 0.102888, 0.6591265, 0.009887829,-1.961436, -3.101519, 0.3109849,-0.7213629, -0.08563003, 0.6744975, 0.131743,-0.3686344, 0.5693573, 0.2394441,-0.04047653, 0.6685531, 0.005973031, 0.742538,0, 0, 0,0, 0, 0, 1,-0.5215575, 0.7209395, 0.876927,0.01485092, 0.8500124, 0.02883225, -0.5257635,0, 0, -0.03,0, 0, 0, 1,0, 0, -0.03,0, 0, 0, 1,
-0.594004, -0.09451552, 0.3727797,-0.744709, 0.1028206, 0.6593468, 0.009916633,-1.961436, -3.101519, 0.3109849,-0.7213629, -0.08563003, 0.6744975, 0.131743,-0.3687117, 0.5694031, 0.2393494,-0.04028316, 0.6686241, 0.005955543, 0.7424847,0, 0, 0,0, 0, 0, 1,-0.5215805, 0.7209074, 0.8769521,0.01480239, 0.8500263, 0.02892725, -0.525737,0, 0, -0.03,0, 0, 0, 1,0, 0, -0.03,0, 0, 0, 1,
-0.5934334, -0.0949823, 0.3730862,-0.7445986, 0.1028791, 0.6594613, 0.009988084,-1.961436, -3.101519, 0.3109849,-0.7213629, -0.08563003, 0.6744975, 0.131743,-0.3687019, 0.569396, 0.2392927,-0.04011575, 0.6685786, 0.005830694, 0.7425358,0, 0, 0,0, 0, 0, 1,-0.5215738, 0.7210059, 0.8769821,0.01472075, 0.8499706, 0.02884342, -0.5258339,0, 0, -0.03,0, 0, 0, 1,0, 0, -0.03,0, 0, 0, 1,
-0.5928701, -0.09543401, 0.373419,-0.7448272, 0.1028319, 0.6592172, 0.009535775,-1.961436, -3.101519, 0.3109849,-0.7213629, -0.08563003, 0.6744975, 0.131743,-0.3686732, 0.5694085, 0.2392372,-0.04007133, 0.6684881, 0.005875248, 0.7426193,0, 0, 0,0, 0, 0, 1,-0.5216798, 0.7210204, 0.8769736,0.01478335, 0.8499675, 0.02883511, -0.5258378,0, 0, -0.03,0, 0, 0, 1,0, 0, -0.03,0, 0, 0, 1,
-0.5923021, -0.09588972, 0.3737192,-0.7448862, 0.1031361, 0.6591024, 0.009578347,-1.961436, -3.101519, 0.3109849,-0.7213629, -0.08563003, 0.6744975, 0.131743,-0.3689313, 0.5696113, 0.2390496,-0.04027062, 0.668613, 0.00598767, 0.7424952,0, 0, 0,0, 0, 0, 1,-0.5216954, 0.721029, 0.8769783,0.01476576, 0.8500015, 0.0288269, -0.5257837,0, 0, -0.03,0, 0, 0, 1,0, 0, -0.03,0, 0, 0, 1,
-0.5911585, -0.09683711, 0.3743234,-0.7449536, 0.1032617, 0.6590124, 0.009152323,-1.961436, -3.101519, 0.3109849,-0.7213629, -0.08563003, 0.6744975, 0.131743,-0.3685918, 0.5693223, 0.2389862,-0.04038189, 0.6686636, 0.005954917, 0.7424439,0, 0, 0,0, 0, 0, 1,-0.5217607, 0.721037, 0.8769333,0.01475789, 0.8499519, 0.02884053, -0.5258634,0, 0, -0.03,0, 0, 0, 1,0, 0, -0.03,0, 0, 0, 1,
-0.5905687, -0.09730598, 0.3746417,-0.7450702, 0.10348, 0.6588475, 0.009083554,-1.961436, -3.101519, 0.3109849,-0.7213629, -0.08563003, 0.6744975, 0.131743,-0.3686401, 0.5692942, 0.2388107,-0.04035781, 0.6686658, 0.005935492, 0.7424433,0, 0, 0,0, 0, 0, 1,-0.5217549, 0.7210507, 0.8769011,0.01476885, 0.8499886, 0.02884155, -0.5258037,0, 0, -0.03,0, 0, 0, 1,0, 0, -0.03,0, 0, 0, 1,
-0.5899924, -0.09776915, 0.374946,-0.7450222, 0.1036727, 0.6588715, 0.009075984,-1.961436, -3.101519, 0.3109849,-0.7213629, -0.08563003, 0.6744975, 0.131743,-0.3687433, 0.5694384, 0.2386163,-0.04023208, 0.6687202, 0.005699847, 0.742403,0, 0, 0,0, 0, 0, 1,-0.5218078, 0.721089, 0.8769022,0.01478159, 0.8499745, 0.0288455, -0.525826,0, 0, -0.03,0, 0, 0, 1,0, 0, -0.03,0, 0, 0, 1,
-0.5899924, -0.09776915, 0.374946,-0.7450222, 0.1036727, 0.6588715, 0.009075984,-1.961436, -3.101519, 0.3109849,-0.7213629, -0.08563003, 0.6744975, 0.131743,-0.3687433, 0.5694384, 0.2386163,-0.04023208, 0.6687202, 0.005699847, 0.742403,0, 0, 0,0, 0, 0, 1,-0.5217539, 0.7211074, 0.8768352,0.01472167, 0.8499528, 0.02885154, -0.5258623,0, 0, -0.03,0, 0, 0, 1,0, 0, -0.03,0, 0, 0, 1,
-0.5894142, -0.09822313, 0.3752722,-0.745024, 0.1038287, 0.6588469, 0.00892216,-1.961436, -3.101519, 0.3109849,-0.7213629, -0.08563003, 0.6744975, 0.131743,-0.3686687, 0.5694575, 0.2386126,-0.04022372, 0.6688157, 0.005646165, 0.7423178,0, 0, 0,0, 0, 0, 1,-0.5217687, 0.7211375, 0.8768656,0.01471597, 0.8499739, 0.02883314, -0.5258295,0, 0, -0.03,0, 0, 0, 1,0, 0, -0.03,0, 0, 0, 1,
-0.5888044, -0.098683, 0.3756123,-0.7451528, 0.1041056, 0.6586621, 0.008589864,-1.961436, -3.101519, 0.3109849,-0.7213629, -0.08563003, 0.6744975, 0.131743,-0.36827, 0.5693522, 0.2386815,-0.04017147, 0.6688399, 0.005669703, 0.7422987,0, 0, 0,0, 0, 0, 1,-0.5217476, 0.7210972, 0.8768596,0.0147967, 0.8499517, 0.02889291, -0.5258598,0, 0, -0.03,0, 0, 0, 1,0, 0, -0.03,0, 0, 0, 1,
-0.588199, -0.09914429, 0.3759363,-0.7452911, 0.1044478, 0.658453, 0.008454069,-1.961436, -3.101519, 0.3109849,-0.7213629, -0.08563003, 0.6744975, 0.131743,-0.3681289, 0.5693643, 0.2386708,-0.04028556, 0.6687251, 0.005753191, 0.7423953,0, 0, 0,0, 0, 0, 1,-0.5217167, 0.7212246, 0.8769028,0.01469719, 0.8499354, 0.02884606, -0.5258914,0, 0, -0.03,0, 0, 0, 1,0, 0, -0.03,0, 0, 0, 1,
-0.5869413, -0.1000682, 0.3766456,-0.7456735, 0.1048096, 0.6579742, 0.007478863,-1.961436, -3.101519, 0.3109849,-0.7213629, -0.08563003, 0.6744975, 0.131743,-0.3679213, 0.5694069, 0.238735,-0.03991478, 0.6685478, 0.005528148, 0.7425767,0, 0, 0,0, 0, 0, 1,-0.5216558, 0.7212034, 0.8769051,0.01468683, 0.8499588, 0.02889819, -0.525851,0, 0, -0.03,0, 0, 0, 1,0, 0, -0.03,0, 0, 0, 1,
-0.5863426, -0.1005046, 0.3769888,-0.7458091, 0.105345, 0.6577359, 0.007404268,-1.961436, -3.101519, 0.3109849,-0.7213629, -0.08563003, 0.6744975, 0.131743,-0.3677093, 0.5692242, 0.2389738,-0.03974275, 0.6686715, 0.005581297, 0.7424742,0, 0, 0,0, 0, 0, 1,-0.5217034, 0.7211708, 0.8769809,0.01468876, 0.8499959, 0.02888284, -0.5257918,0, 0, -0.03,0, 0, 0, 1,0, 0, -0.03,0, 0, 0, 1,
