FPS,30,NrOfObjects,10
hammerhead-separated.x,hammerhead-separated.y,hammerhead-separated.z,hammerhead-separated.rx,hammerhead-separated.ry,hammerhead-separated.rz,hammerhead-separated.rw,hammerhead-separated.velocity,hammerhead-separated.Interactable,Handle-separated.x,Handle-separated.y,Handle-separated.z,Handle-separated.rx,Handle-separated.ry,Handle-separated.rz,Handle-separated.rw,Handle-separated.velocity,Handle-separated.Interactable,Handle-complete.x,Handle-complete.y,Handle-complete.z,Handle-complete.rx,Handle-complete.ry,Handle-complete.rz,Handle-complete.rw,Handle-complete.velocity,Handle-complete.Interactable,Hammer-Usable.x,Hammer-Usable.y,Hammer-Usable.z,Hammer-Usable.rx,Hammer-Usable.ry,Hammer-Usable.rz,Hammer-Usable.rw,Hammer-Usable.velocity,Hammer-Usable.Interactable,CrankHandle.x,CrankHandle.y,CrankHandle.z,CrankHandle.rx,CrankHandle.ry,CrankHandle.rz,CrankHandle.rw,CrankHandle.velocity,CrankHandle.Interactable,Button.x,Button.y,Button.z,Button.rx,Button.ry,Button.rz,Button.rw,Button.velocity,Button.Interactable,PedalButton.x,PedalButton.y,PedalButton.z,PedalButton.rx,PedalButton.ry,PedalButton.rz,PedalButton.rw,PedalButton.velocity,PedalButton.Interactable,VR Objects-Nail fixed.x,VR Objects-Nail fixed.y,VR Objects-Nail fixed.z,VR Objects-Nail fixed.rx,VR Objects-Nail fixed.ry,VR Objects-Nail fixed.rz,VR Objects-Nail fixed.rw,VR Objects-Nail fixed.velocity,VR Objects-Nail fixed.Interactable,VR Objects-Nail (1).x,VR Objects-Nail (1).y,VR Objects-Nail (1).z,VR Objects-Nail (1).rx,VR Objects-Nail (1).ry,VR Objects-Nail (1).rz,VR Objects-Nail (1).rw,VR Objects-Nail (1).velocity,VR Objects-Nail (1).Interactable,VR Objects-Nail (2).x,VR Objects-Nail (2).y,VR Objects-Nail (2).z,VR Objects-Nail (2).rx,VR Objects-Nail (2).ry,VR Objects-Nail (2).rz,VR Objects-Nail (2).rw,VR Objects-Nail (2).velocity,VR Objects-Nail (2).Interactable
0.5589001, 1.061108, 0.5708001,-0.7071068, 0, 0.7071068, 8.940697E-08,0,1/0/0/0/0/0/0/0/0/0/0/0/0,0.06538123, 0.8946068, 0.7553005,-0.5000021, 0.499998, -0.5000014, 0.4999988,0,1/0/0/0/0/0/0/0/0/0/0/0/0,0.2789267, -0.8028001, 0.7257431,-0.7071048, -6.258489E-07, 1.847005E-08, 0.7071089,0,1/0/0/1/1/0/0/0/0/0/0/0/0,-0.5666056, -0.8199585, 0.8187975,-0.7473956, 9.528496E-05, -0.6643794, -0.0001503414,0,1/0/0/0/0/0/0/0/0/0/0/0/0,-0.4403998, 1.063, 0.476,0.7071067, 0, -1.892012E-09, 0.7071069,0,1/0/0/0/0/0/0/0/0/0/0/0/0,0.492, 0.913, 0.473,0.7071068, 0, 0, 0.7071068,0,1/0/1/0/0/0/0/0/0/0/0/0/0,0.6354504, 0.05860394, 0.7671199,0.9622502, 0.0225576, -0.2578342, 0.08418611,0,1/0/1/0/0/0/0/0/0/0/0/0/0,0.6151701, -99.13681, 0.5802398,-0.7071068, 0, 0, 0.7071068,0,1/0/1/1/2/2/0/0/0/0/0/0/0,0.2202965, 0.9379812, 1.020934,0.203783, 0.7528627, -0.01606636, -0.6256294,0,1/1/0/0/0/0/0/0/0/0/0/0/0,0.2937838, 0.9117013, 0.8096526,-0.1262223, 4.177168E-05, -4.837979E-05, 0.992002,0,1/1/0/0/0/0/0/0/0/0/0/0/0
0.5589001, 1.061108, 0.5708001,-0.7071068, 0, 0.7071068, 8.940697E-08,0,1/0/0/0/0/0/0/0/0/0/0/0/0,0.06538123, 0.8946068, 0.7553005,-0.5000021, 0.499998, -0.5000014, 0.4999988,0,1/0/0/0/0/0/0/0/0/0/0/0/0,0.2789265, -0.8028001, 0.7257434,-0.7071048, -6.258489E-07, 1.852825E-08, 0.7071089,0,1/0/0/1/1/0/0/0/0/0/0/0/0,-0.5666056, -0.8199585, 0.8187975,-0.7473956, 9.528496E-05, -0.6643794, -0.0001503414,0,1/0/0/0/0/0/0/0/0/0/0/0/0,-0.4403998, 1.063, 0.476,0.7071067, 0, -1.892012E-09, 0.7071069,0,1/0/0/0/0/0/0/0/0/0/0/0/0,0.492, 0.913, 0.473,0.7071068, 0, 0, 0.7071068,0,1/0/1/0/0/0/0/0/0/0/0/0/0,0.6354504, 0.05860394, 0.7671199,0.9622502, 0.0225576, -0.2578342, 0.08418611,0,1/0/1/0/0/0/0/0/0/0/0/0/0,0.6151701, -99.13681, 0.5802398,-0.7071068, 0, 0, 0.7071068,0,1/0/1/1/2/2/0/0/0/0/0/0/0,0.2202965, 0.9379812, 1.020934,0.203783, 0.7528627, -0.01606636, -0.6256294,0,1/1/0/0/0/0/0/0/0/0/0/0/0,0.2937838, 0.9117013, 0.8096526,-0.1262223, 4.177168E-05, -4.837979E-05, 0.992002,0,1/1/0/0/0/0/0/0/0/0/0/0/0
0.5589001, 1.061108, 0.5708001,-0.7071068, 0, 0.7071068, 8.940697E-08,0,1/0/0/0/0/0/0/0/0/0/0/0/0,0.06538123, 0.8946068, 0.7553005,-0.5000021, 0.499998, -0.5000014, 0.4999988,0,1/0/0/0/0/0/0/0/0/0/0/0/0,0.2789265, -0.8028001, 0.7257435,-0.7071048, -6.258489E-07, 1.847005E-08, 0.7071089,0,1/0/0/1/1/0/0/0/0/0/0/0/0,-0.5666056, -0.8199585, 0.8187975,-0.7473956, 9.528496E-05, -0.6643794, -0.0001503414,0,1/0/0/0/0/0/0/0/0/0/0/0/0,-0.4403998, 1.063, 0.476,0.7071067, 0, -1.892012E-09, 0.7071069,0,1/0/0/0/0/0/0/0/0/0/0/0/0,0.492, 0.913, 0.473,0.7071068, 0, 0, 0.7071068,0,1/0/1/0/0/0/0/0/0/0/0/0/0,0.6354504, 0.05860394, 0.7671199,0.9622502, 0.0225576, -0.2578342, 0.08418611,0,1/0/1/0/0/0/0/0/0/0/0/0/0,0.6151701, -99.13681, 0.5802398,-0.7071068, 0, 0, 0.7071068,0,1/0/1/1/2/2/0/0/0/0/0/0/0,0.2202965, 0.9379812, 1.020934,0.203783, 0.7528627, -0.01606636, -0.6256294,0,1/1/0/0/0/0/0/0/0/0/0/0/0,0.2937838, 0.9117013, 0.8096526,-0.1262223, 4.177168E-05, -4.837979E-05, 0.992002,0,1/1/0/0/0/0/0/0/0/0/0/0/0
0.5589001, 1.061108, 0.5708001,-0.7071068, 0, 0.7071068, 8.940697E-08,0,1/0/0/0/0/0/0/0/0/0/0/0/0,0.06538123, 0.8946068, 0.7553005,-0.5000021, 0.499998, -0.5000014, 0.4999988,0,1/0/0/0/0/0/0/0/0/0/0/0/0,0.2789265, -0.8028001, 0.7257436,-0.7071048, -6.258489E-07, 1.852825E-08, 0.7071089,0,1/0/0/1/1/0/0/0/0/0/0/0/0,-0.5666056, -0.8199585, 0.8187975,-0.7473956, 9.528496E-05, -0.6643794, -0.0001503414,0,1/0/0/0/0/0/0/0/0/0/0/0/0,-0.4403998, 1.063, 0.476,0.7071067, 0, -1.892012E-09, 0.7071069,0,1/0/0/0/0/0/0/0/0/0/0/0/0,0.492, 0.913, 0.473,0.7071068, 0, 0, 0.7071068,0,1/0/1/0/0/0/0/0/0/0/0/0/0,0.6354504, 0.05860394, 0.7671199,0.9622502, 0.0225576, -0.2578342, 0.08418611,0,1/0/1/0/0/0/0/0/0/0/0/0/0,0.6151701, -99.13681, 0.5802398,-0.7071068, 0, 0, 0.7071068,0,1/0/1/1/2/2/0/0/0/0/0/0/0,0.2202965, 0.9379812, 1.020934,0.203783, 0.7528627, -0.01606636, -0.6256294,0,1/1/0/0/0/0/0/0/0/0/0/0/0,0.2937838, 0.9117013, 0.8096526,-0.1262223, 4.177168E-05, -4.837979E-05, 0.992002,0,1/1/0/0/0/0/0/0/0/0/0/0/0
0.5589001, 1.061108, 0.5708001,-0.7071068, 0, 0.7071068, 8.940697E-08,0,1/0/0/0/0/0/0/0/0/0/0/0/0,0.06538123, 0.8946068, 0.7553005,-0.5000021, 0.499998, -0.5000014, 0.4999988,0,1/0/0/0/0/0/0/0/0/0/0/0/0,0.2789264, -0.8028001, 0.7257437,-0.7071048, -6.258489E-07, 1.847005E-08, 0.7071089,0,1/0/0/1/1/0/0/0/0/0/0/0/0,-0.5666056, -0.8199585, 0.8187975,-0.7473956, 9.528496E-05, -0.6643794, -0.0001503414,0,1/0/0/0/0/0/0/0/0/0/0/0/0,-0.4403998, 1.063, 0.476,0.7071067, 0, -1.892012E-09, 0.7071069,0,1/0/0/0/0/0/0/0/0/0/0/0/0,0.492, 0.913, 0.473,0.7071068, 0, 0, 0.7071068,0,1/0/1/0/0/0/0/0/0/0/0/0/0,0.6354504, 0.05860394, 0.7671199,0.9622502, 0.0225576, -0.2578342, 0.08418611,0,1/0/1/0/0/0/0/0/0/0/0/0/0,0.6151701, -99.13681, 0.5802398,-0.7071068, 0, 0, 0.7071068,0,1/0/1/1/2/2/0/0/0/0/0/0/0,0.2202965, 0.9379812, 1.020934,0.203783, 0.7528627, -0.01606636, -0.6256294,0,1/1/0/0/0/0/0/0/0/0/0/0/0,0.2937838, 0.9117013, 0.8096526,-0.1262223, 4.177168E-05, -4.837979E-05, 0.992002,0,1/1/0/0/0/0/0/0/0/0/0/0/0
0.5589001, 1.061108, 0.5708001,-0.7071068, 0, 0.7071068, 8.940697E-08,0,1/0/0/0/0/0/0/0/0/0/0/0/0,0.06538123, 0.8946068, 0.7553005,-0.5000021, 0.499998, -0.5000014, 0.4999988,0,1/0/0/0/0/0/0/0/0/0/0/0/0,0.2789263, -0.8028001, 0.7257439,-0.7071048, -6.258489E-07, 1.847005E-08, 0.7071089,0,1/0/0/1/1/0/0/0/0/0/0/0/0,-0.5666056, -0.8199585, 0.8187975,-0.7473956, 9.528496E-05, -0.6643794, -0.0001503414,0,1/0/0/0/0/0/0/0/0/0/0/0/0,-0.4403998, 1.063, 0.476,0.7071067, 0, -1.892012E-09, 0.7071069,0,1/0/0/0/0/0/0/0/0/0/0/0/0,0.492, 0.913, 0.473,0.7071068, 0, 0, 0.7071068,0,1/0/1/0/0/0/0/0/0/0/0/0/0,0.6354504, 0.05860394, 0.7671199,0.9622502, 0.0225576, -0.2578342, 0.08418611,0,1/0/1/0/0/0/0/0/0/0/0/0/0,0.6151701, -99.13681, 0.5802398,-0.7071068, 0, 0, 0.7071068,0,1/0/1/1/2/2/0/0/0/0/0/0/0,0.2202965, 0.9379812, 1.020934,0.203783, 0.7528627, -0.01606636, -0.6256294,0,1/1/0/0/0/0/0/0/0/0/0/0/0,0.2937838, 0.9117013, 0.8096526,-0.1262223, 4.177168E-05, -4.837979E-05, 0.992002,0,1/1/0/0/0/0/0/0/0/0/0/0/0
0.5589001, 1.061108, 0.5708001,-0.7071068, 0, 0.7071068, 8.940697E-08,0,1/0/0/0/0/0/0/0/0/0/0/0/0,0.06538123, 0.8946068, 0.7553005,-0.5000021, 0.499998, -0.5000014, 0.4999988,0,1/0/0/0/0/0/0/0/0/0/0/0/0,0.2789262, -0.8028001, 0.725744,-0.7071048, -6.258489E-07, 1.852825E-08, 0.7071089,0,1/0/0/1/1/0/0/0/0/0/0/0/0,-0.5666056, -0.8199585, 0.8187975,-0.7473956, 9.528496E-05, -0.6643794, -0.0001503414,0,1/0/0/0/0/0/0/0/0/0/0/0/0,-0.4403998, 1.063, 0.476,0.7071067, 0, -1.892012E-09, 0.7071069,0,1/0/0/0/0/0/0/0/0/0/0/0/0,0.492, 0.913, 0.473,0.7071068, 0, 0, 0.7071068,0,1/0/1/0/0/0/0/0/0/0/0/0/0,0.6354504, 0.05860394, 0.7671199,0.9622502, 0.0225576, -0.2578342, 0.08418611,0,1/0/1/0/0/0/0/0/0/0/0/0/0,0.6151701, -99.13681, 0.5802398,-0.7071068, 0, 0, 0.7071068,0,1/0/1/1/2/2/0/0/0/0/0/0/0,0.2202965, 0.9379812, 1.020934,0.203783, 0.7528627, -0.01606636, -0.6256294,0,1/1/0/0/0/0/0/0/0/0/0/0/0,0.2937838, 0.9117013, 0.8096526,-0.1262223, 4.177168E-05, -4.837979E-05, 0.992002,0,1/1/0/0/0/0/0/0/0/0/0/0/0
0.5589001, 1.061108, 0.5708001,-0.7071068, 0, 0.7071068, 8.940697E-08,0,1/0/0/0/0/0/0/0/0/0/0/0/0,0.06538123, 0.8946068, 0.7553005,-0.5000021, 0.499998, -0.5000014, 0.4999988,0,1/0/0/0/0/0/0/0/0/0/0/0/0,0.2789261, -0.8028001, 0.7257441,-0.7071048, -6.258489E-07, 1.847005E-08, 0.7071089,0,1/0/0/1/1/0/0/0/0/0/0/0/0,-0.5666056, -0.8199585, 0.8187975,-0.7473956, 9.528496E-05, -0.6643794, -0.0001503414,0,1/0/0/0/0/0/0/0/0/0/0/0/0,-0.4403998, 1.063, 0.476,0.7071067, 0, -1.892012E-09, 0.7071069,0,1/0/0/0/0/0/0/0/0/0/0/0/0,0.492, 0.913, 0.473,0.7071068, 0, 0, 0.7071068,0,1/0/1/0/0/0/0/0/0/0/0/0/0,0.6354504, 0.05860394, 0.7671199,0.9622502, 0.0225576, -0.2578342, 0.08418611,0,1/0/1/0/0/0/0/0/0/0/0/0/0,0.6151701, -99.13681, 0.5802398,-0.7071068, 0, 0, 0.7071068,0,1/0/1/1/2/2/0/0/0/0/0/0/0,0.2202965, 0.9379812, 1.020934,0.203783, 0.7528627, -0.01606636, -0.6256294,0,1/1/0/0/0/0/0/0/0/0/0/0/0,0.2937838, 0.9117013, 0.8096526,-0.1262223, 4.177168E-05, -4.837979E-05, 0.992002,0,1/1/0/0/0/0/0/0/0/0/0/0/0
0.5589001, 1.061108, 0.5708001,-0.7071068, 0, 0.7071068, 8.940697E-08,0,1/0/0/0/0/0/0/0/0/0/0/0/0,0.06538123, 0.8946068, 0.7553005,-0.5000021, 0.499998, -0.5000014, 0.4999988,0,1/0/0/0/0/0/0/0/0/0/0/0/0,0.2789261, -0.8028001, 0.7257442,-0.7071048, -6.258489E-07, 1.852825E-08, 0.7071089,0,1/0/0/1/1/0/0/0/0/0/0/0/0,-0.5666056, -0.8199585, 0.8187975,-0.7473956, 9.528496E-05, -0.6643794, -0.0001503414,0,1/0/0/0/0/0/0/0/0/0/0/0/0,-0.4403998, 1.063, 0.476,0.7071067, 0, -1.892012E-09, 0.7071069,0,1/0/0/0/0/0/0/0/0/0/0/0/0,0.492, 0.913, 0.473,0.7071068, 0, 0, 0.7071068,0,1/0/1/0/0/0/0/0/0/0/0/0/0,0.6354504, 0.05860394, 0.7671199,0.9622502, 0.0225576, -0.2578342, 0.08418611,0,1/0/1/0/0/0/0/0/0/0/0/0/0,0.6151701, -99.13681, 0.5802398,-0.7071068, 0, 0, 0.7071068,0,1/0/1/1/2/2/0/0/0/0/0/0/0,0.2202965, 0.9379812, 1.020934,0.203783, 0.7528627, -0.01606636, -0.6256294,0,1/1/0/0/0/0/0/0/0/0/0/0/0,0.2937838, 0.9117013, 0.8096526,-0.1262223, 4.177168E-05, -4.837979E-05, 0.992002,0,1/1/0/0/0/0/0/0/0/0/0/0/0
0.5589001, 1.061108, 0.5708001,-0.7071068, 0, 0.7071068, 8.940697E-08,0,1/0/0/0/0/0/0/0/0/0/0/0/0,0.06538123, 0.8946068, 0.7553005,-0.5000021, 0.499998, -0.5000014, 0.4999988,0,1/0/0/0/0/0/0/0/0/0/0/0/0,0.278926, -0.8028001, 0.7257443,-0.7071048, -6.258489E-07, 1.847005E-08, 0.7071089,0,1/0/0/1/1/0/0/0/0/0/0/0/0,-0.5666056, -0.8199585, 0.8187975,-0.7473956, 9.528496E-05, -0.6643794, -0.0001503414,0,1/0/0/0/0/0/0/0/0/0/0/0/0,-0.4403998, 1.063, 0.476,0.7071067, 0, -1.892012E-09, 0.7071069,0,1/0/0/0/0/0/0/0/0/0/0/0/0,0.492, 0.913, 0.473,0.7071068, 0, 0, 0.7071068,0,1/0/1/0/0/0/0/0/0/0/0/0/0,0.6354504, 0.05860394, 0.7671199,0.9622502, 0.0225576, -0.2578342, 0.08418611,0,1/0/1/0/0/0/0/0/0/0/0/0/0,0.6151701, -99.13681, 0.5802398,-0.7071068, 0, 0, 0.7071068,0,1/0/1/1/2/2/0/0/0/0/0/0/0,0.2202965, 0.9379812, 1.020934,0.203783, 0.7528627, -0.01606636, -0.6256294,0,1/1/0/0/0/0/0/0/0/0/0/0/0,0.2937838, 0.9117013, 0.8096526,-0.1262223, 4.177168E-05, -4.837979E-05, 0.992002,0,1/1/0/0/0/0/0/0/0/0/0/0/0
0.5589001, 1.061108, 0.5708001,-0.7071068, 0, 0.7071068, 8.940697E-08,0,1/0/0/0/0/0/0/0/0/0/0/0/0,0.06538123, 0.8946068, 0.7553005,-0.5000021, 0.499998, -0.5000014, 0.4999988,0,1/0/0/0/0/0/0/0/0/0/0/0/0,0.278926, -0.8028001, 0.7257444,-0.7071048, -6.258489E-07, 1.852825E-08, 0.7071089,0,1/0/0/1/1/0/0/0/0/0/0/0/0,-0.5666056, -0.8199585, 0.8187975,-0.7473956, 9.528496E-05, -0.6643794, -0.0001503414,0,1/0/0/0/0/0/0/0/0/0/0/0/0,-0.4403998, 1.063, 0.476,0.7071067, 0, -1.892012E-09, 0.7071069,0,1/0/0/0/0/0/0/0/0/0/0/0/0,0.492, 0.913, 0.473,0.7071068, 0, 0, 0.7071068,0,1/0/1/0/0/0/0/0/0/0/0/0/0,0.6354504, 0.05860394, 0.7671199,0.9622502, 0.0225576, -0.2578342, 0.08418611,0,1/0/1/0/0/0/0/0/0/0/0/0/0,0.6151701, -99.13681, 0.5802398,-0.7071068, 0, 0, 0.7071068,0,1/0/1/1/2/2/0/0/0/0/0/0/0,0.2202965, 0.9379812, 1.020934,0.203783, 0.7528627, -0.01606636, -0.6256294,0,1/1/0/0/0/0/0/0/0/0/0/0/0,0.2937838, 0.9117013, 0.8096526,-0.1262223, 4.177168E-05, -4.837979E-05, 0.992002,0,1/1/0/0/0/0/0/0/0/0/0/0/0
0.5589001, 1.061108, 0.5708001,-0.7071068, 0, 0.7071068, 8.940697E-08,0,1/0/0/0/0/0/0/0/0/0/0/0/0,0.06538123, 0.8946068, 0.7553005,-0.5000021, 0.499998, -0.5000014, 0.4999988,0,1/0/0/0/0/0/0/0/0/0/0/0/0,0.2789259, -0.8028001, 0.7257445,-0.7071048, -6.258489E-07, 1.847005E-08, 0.7071089,0,1/0/0/1/1/0/0/0/0/0/0/0/0,-0.5666056, -0.8199585, 0.8187975,-0.7473956, 9.528496E-05, -0.6643794, -0.0001503414,0,1/0/0/0/0/0/0/0/0/0/0/0/0,-0.4403998, 1.063, 0.476,0.7071067, 0, -1.892012E-09, 0.7071069,0,1/0/0/0/0/0/0/0/0/0/0/0/0,0.492, 0.913, 0.473,0.7071068, 0, 0, 0.7071068,0,1/0/1/0/0/0/0/0/0/0/0/0/0,0.6354504, 0.05860394, 0.7671199,0.9622502, 0.0225576, -0.2578342, 0.08418611,0,1/0/1/0/0/0/0/0/0/0/0/0/0,0.6151701, -99.13681, 0.5802398,-0.7071068, 0, 0, 0.7071068,0,1/0/1/1/2/2/0/0/0/0/0/0/0,0.2202965, 0.9379812, 1.020934,0.203783, 0.7528627, -0.01606636, -0.6256294,0,1/1/0/0/0/0/0/0/0/0/0/0/0,0.2937838, 0.9117013, 0.8096526,-0.1262223, 4.177168E-05, -4.837979E-05, 0.992002,0,1/1/0/0/0/0/0/0/0/0/0/0/0
0.5589001, 1.061108, 0.5708001,-0.7071068, 0, 0.7071068, 8.940697E-08,0,1/0/0/0/0/0/0/0/0/0/0/0/0,0.06538123, 0.8946068, 0.7553005,-0.5000021, 0.499998, -0.5000014, 0.4999988,0,1/0/0/0/0/0/0/0/0/0/0/0/0,0.2789259, -0.8028001, 0.7257446,-0.7071048, -6.258489E-07, 1.852825E-08, 0.7071089,0,1/0/0/1/1/0/0/0/0/0/0/0/0,-0.5666056, -0.8199585, 0.8187975,-0.7473956, 9.528496E-05, -0.6643794, -0.0001503414,0,1/0/0/0/0/0/0/0/0/0/0/0/0,-0.4403998, 1.063, 0.476,0.7071067, 0, -1.892012E-09, 0.7071069,0,1/0/0/0/0/0/0/0/0/0/0/0/0,0.492, 0.913, 0.473,0.7071068, 0, 0, 0.7071068,0,1/0/1/0/0/0/0/0/0/0/0/0/0,0.6354504, 0.05860394, 0.7671199,0.9622502, 0.0225576, -0.2578342, 0.08418611,0,1/0/1/0/0/0/0/0/0/0/0/0/0,0.6151701, -99.13681, 0.5802398,-0.7071068, 0, 0, 0.7071068,0,1/0/1/1/2/2/0/0/0/0/0/0/0,0.2202965, 0.9379812, 1.020934,0.203783, 0.7528627, -0.01606636, -0.6256294,0,1/1/0/0/0/0/0/0/0/0/0/0/0,0.2937838, 0.9117013, 0.8096526,-0.1262223, 4.177168E-05, -4.837979E-05, 0.992002,0,1/1/0/0/0/0/0/0/0/0/0/0/0
0.5589001, 1.061108, 0.5708001,-0.7071068, 0, 0.7071068, 8.940697E-08,0,1/0/0/0/0/0/0/0/0/0/0/0/0,0.06538123, 0.8946068, 0.7553005,-0.5000021, 0.499998, -0.5000014, 0.4999988,0,1/0/0/0/0/0/0/0/0/0/0/0/0,0.2789258, -0.8028001, 0.7257447,-0.7071048, -6.258489E-07, 1.847005E-08, 0.7071089,0,1/0/0/1/1/0/0/0/0/0/0/0/0,-0.5666056, -0.8199585, 0.8187975,-0.7473956, 9.528496E-05, -0.6643794, -0.0001503414,0,1/0/0/0/0/0/0/0/0/0/0/0/0,-0.4403998, 1.063, 0.476,0.7071067, 0, -1.892012E-09, 0.7071069,0,1/0/0/0/0/0/0/0/0/0/0/0/0,0.492, 0.913, 0.473,0.7071068, 0, 0, 0.7071068,0,1/0/1/0/0/0/0/0/0/0/0/0/0,0.6354504, 0.05860394, 0.7671199,0.9622502, 0.0225576, -0.2578342, 0.08418611,0,1/0/1/0/0/0/0/0/0/0/0/0/0,0.6151701, -99.13681, 0.5802398,-0.7071068, 0, 0, 0.7071068,0,1/0/1/1/2/2/0/0/0/0/0/0/0,0.2202965, 0.9379812, 1.020934,0.203783, 0.7528627, -0.01606636, -0.6256294,0,1/1/0/0/0/0/0/0/0/0/0/0/0,0.2937838, 0.9117013, 0.8096526,-0.1262223, 4.177168E-05, -4.837979E-05, 0.992002,0,1/1/0/0/0/0/0/0/0/0/0/0/0
0.5589001, 1.061108, 0.5708001,-0.7071068, 0, 0.7071068, 8.940697E-08,0,1/0/0/0/0/0/0/0/0/0/0/0/0,0.06538123, 0.8946068, 0.7553005,-0.5000021, 0.499998, -0.5000014, 0.4999988,0,1/0/0/0/0/0/0/0/0/0/0/0/0,0.2789258, -0.8028001, 0.7257448,-0.7071048, -6.258489E-07, 1.852825E-08, 0.7071089,0,1/0/0/1/1/0/0/0/0/0/0/0/0,-0.5666056, -0.8199585, 0.8187975,-0.7473956, 9.528496E-05, -0.6643794, -0.0001503414,0,1/0/0/0/0/0/0/0/0/0/0/0/0,-0.4403998, 1.063, 0.476,0.7071067, 0, -1.892012E-09, 0.7071069,0,1/0/0/0/0/0/0/0/0/0/0/0/0,0.492, 0.913, 0.473,0.7071068, 0, 0, 0.7071068,0,1/0/1/0/0/0/0/0/0/0/0/0/0,0.6354504, 0.05860394, 0.7671199,0.9622502, 0.0225576, -0.2578342, 0.08418611,0,1/0/1/0/0/0/0/0/0/0/0/0/0,0.6151701, -99.13681, 0.5802398,-0.7071068, 0, 0, 0.7071068,0,1/0/1/1/2/2/0/0/0/0/0/0/0,0.2202965, 0.9379812, 1.020934,0.203783, 0.7528627, -0.01606636, -0.6256294,0,1/1/0/0/0/0/0/0/0/0/0/0/0,0.2937838, 0.9117013, 0.8096526,-0.1262223, 4.177168E-05, -4.837979E-05, 0.992002,0,1/1/0/0/0/0/0/0/0/0/0/0/0
0.5589001, 1.061108, 0.5708001,-0.7071068, 0, 0.7071068, 8.940697E-08,0,1/0/0/0/0/0/0/0/0/0/0/0/0,0.06538123, 0.8946068, 0.7553005,-0.5000021, 0.499998, -0.5000014, 0.4999988,0,1/0/0/0/0/0/0/0/0/0/0/0/0,0.2789257, -0.8028001, 0.725745,-0.7071048, -6.258489E-07, 1.852825E-08, 0.7071089,0,1/0/0/1/1/0/0/0/0/0/0/0/0,-0.5666056, -0.8199585, 0.8187975,-0.7473956, 9.528496E-05, -0.6643794, -0.0001503414,0,1/0/0/0/0/0/0/0/0/0/0/0/0,-0.4403998, 1.063, 0.476,0.7071067, 0, -1.892012E-09, 0.7071069,0,1/0/0/0/0/0/0/0/0/0/0/0/0,0.492, 0.913, 0.473,0.7071068, 0, 0, 0.7071068,0,1/0/1/0/0/0/0/0/0/0/0/0/0,0.6354504, 0.05860394, 0.7671199,0.9622502, 0.0225576, -0.2578342, 0.08418611,0,1/0/1/0/0/0/0/0/0/0/0/0/0,0.6151701, -99.13681, 0.5802398,-0.7071068, 0, 0, 0.7071068,0,1/0/1/1/2/2/0/0/0/0/0/0/0,0.2202965, 0.9379812, 1.020934,0.203783, 0.7528627, -0.01606636, -0.6256294,0,1/1/0/0/0/0/0/0/0/0/0/0/0,0.2937838, 0.9117013, 0.8096526,-0.1262223, 4.177168E-05, -4.837979E-05, 0.992002,0,1/1/0/0/0/0/0/0/0/0/0/0/0
0.5589001, 1.061108, 0.5708001,-0.7071068, 0, 0.7071068, 8.940697E-08,0,1/0/0/0/0/0/0/0/0/0/0/0/0,0.06538123, 0.8946068, 0.7553005,-0.5000021, 0.499998, -0.5000014, 0.4999988,0,1/0/0/0/0/0/0/0/0/0/0/0/0,0.2789256, -0.8028001, 0.7257451,-0.7071048, -6.258489E-07, 1.847005E-08, 0.7071089,0,1/0/0/1/1/0/0/0/0/0/0/0/0,-0.5666056, -0.8199585, 0.8187975,-0.7473956, 9.528496E-05, -0.6643794, -0.0001503414,0,1/0/0/0/0/0/0/0/0/0/0/0/0,-0.4403998, 1.063, 0.476,0.7071067, 0, -1.892012E-09, 0.7071069,0,1/0/0/0/0/0/0/0/0/0/0/0/0,0.492, 0.913, 0.473,0.7071068, 0, 0, 0.7071068,0,1/0/1/0/0/0/0/0/0/0/0/0/0,0.6354504, 0.05860394, 0.7671199,0.9622502, 0.0225576, -0.2578342, 0.08418611,0,1/0/1/0/0/0/0/0/0/0/0/0/0,0.6151701, -99.13681, 0.5802398,-0.7071068, 0, 0, 0.7071068,0,1/0/1/1/2/2/0/0/0/0/0/0/0,0.2202965, 0.9379812, 1.020934,0.203783, 0.7528627, -0.01606636, -0.6256294,0,1/1/0/0/0/0/0/0/0/0/0/0/0,0.2937838, 0.9117013, 0.8096526,-0.1262223, 4.177168E-05, -4.837979E-05, 0.992002,0,1/1/0/0/0/0/0/0/0/0/0/0/0
0.5589001, 1.061108, 0.5708001,-0.7071068, 0, 0.7071068, 8.940697E-08,0,1/0/0/0/0/0/0/0/0/0/0/0/0,0.06538123, 0.8946068, 0.7553005,-0.5000021, 0.499998, -0.5000014, 0.4999988,0,1/0/0/0/0/0/0/0/0/0/0/0/0,0.2789255, -0.8028001, 0.7257452,-0.7071048, -6.258489E-07, 1.852825E-08, 0.7071089,0,1/0/0/1/1/0/0/0/0/0/0/0/0,-0.5666056, -0.8199585, 0.8187975,-0.7473956, 9.528496E-05, -0.6643794, -0.0001503414,0,1/0/0/0/0/0/0/0/0/0/0/0/0,-0.4403998, 1.063, 0.476,0.7071067, 0, -1.892012E-09, 0.7071069,0,1/0/0/0/0/0/0/0/0/0/0/0/0,0.492, 0.913, 0.473,0.7071068, 0, 0, 0.7071068,0,1/0/1/0/0/0/0/0/0/0/0/0/0,0.6354504, 0.05860394, 0.7671199,0.9622502, 0.0225576, -0.2578342, 0.08418611,0,1/0/1/0/0/0/0/0/0/0/0/0/0,0.6151701, -99.13681, 0.5802398,-0.7071068, 0, 0, 0.7071068,0,1/0/1/1/2/2/0/0/0/0/0/0/0,0.2202965, 0.9379812, 1.020934,0.203783, 0.7528627, -0.01606636, -0.6256294,0,1/1/0/0/0/0/0/0/0/0/0/0/0,0.2937838, 0.9117013, 0.8096526,-0.1262223, 4.177168E-05, -4.837979E-05, 0.992002,0,1/1/0/0/0/0/0/0/0/0/0/0/0
0.5589001, 1.061108, 0.5708001,-0.7071068, 0, 0.7071068, 8.940697E-08,0,1/0/0/0/0/0/0/0/0/0/0/0/0,0.06538123, 0.8946068, 0.7553005,-0.5000021, 0.499998, -0.5000014, 0.4999988,0,1/0/0/0/0/0/0/0/0/0/0/0/0,0.2789255, -0.8028001, 0.7257453,-0.7071048, -6.258489E-07, 1.847005E-08, 0.7071089,0,1/0/0/1/1/0/0/0/0/0/0/0/0,-0.5666056, -0.8199585, 0.8187975,-0.7473956, 9.528496E-05, -0.6643794, -0.0001503414,0,1/0/0/0/0/0/0/0/0/0/0/0/0,-0.4403998, 1.063, 0.476,0.7071067, 0, -1.892012E-09, 0.7071069,0,1/0/0/0/0/0/0/0/0/0/0/0/0,0.492, 0.913, 0.473,0.7071068, 0, 0, 0.7071068,0,1/0/1/0/0/0/0/0/0/0/0/0/0,0.6354504, 0.05860394, 0.7671199,0.9622502, 0.0225576, -0.2578342, 0.08418611,0,1/0/1/0/0/0/0/0/0/0/0/0/0,0.6151701, -99.13681, 0.5802398,-0.7071068, 0, 0, 0.7071068,0,1/0/1/1/2/2/0/0/0/0/0/0/0,0.2202965, 0.9379812, 1.020934,0.203783, 0.7528627, -0.01606636, -0.6256294,0,1/1/0/0/0/0/0/0/0/0/0/0/0,0.2937838, 0.9117013, 0.8096526,-0.1262223, 4.177168E-05, -4.837979E-05, 0.992002,0,1/1/0/0/0/0/0/0/0/0/0/0/0
0.5589001, 1.061108, 0.5708001,-0.7071068, 0, 0.7071068, 8.940697E-08,0,1/0/0/0/0/0/0/0/0/0/0/0/0,0.06538123, 0.8946068, 0.7553005,-0.5000021, 0.499998, -0.5000014, 0.4999988,0,1/0/0/0/0/0/0/0/0/0/0/0/0,0.2789254, -0.8028001, 0.7257454,-0.7071048, -6.258489E-07, 1.852825E-08, 0.7071089,0,1/0/0/1/1/0/0/0/0/0/0/0/0,-0.5666056, -0.8199585, 0.8187975,-0.7473956, 9.528496E-05, -0.6643794, -0.0001503414,0,1/0/0/0/0/0/0/0/0/0/0/0/0,-0.4403998, 1.063, 0.476,0.7071067, 0, -1.892012E-09, 0.7071069,0,1/0/0/0/0/0/0/0/0/0/0/0/0,0.492, 0.913, 0.473,0.7071068, 0, 0, 0.7071068,0,1/0/1/0/0/0/0/0/0/0/0/0/0,0.6354504, 0.05860394, 0.7671199,0.9622502, 0.0225576, -0.2578342, 0.08418611,0,1/0/1/0/0/0/0/0/0/0/0/0/0,0.6151701, -99.13681, 0.5802398,-0.7071068, 0, 0, 0.7071068,0,1/0/1/1/2/2/0/0/0/0/0/0/0,0.2202965, 0.9379812, 1.020934,0.203783, 0.7528627, -0.01606636, -0.6256294,0,1/1/0/0/0/0/0/0/0/0/0/0/0,0.2937838, 0.9117013, 0.8096526,-0.1262223, 4.177168E-05, -4.837979E-05, 0.992002,0,1/1/0/0/0/0/0/0/0/0/0/0/0
0.5589001, 1.061108, 0.5708001,-0.7071068, 0, 0.7071068, 8.940697E-08,0,1/0/0/0/0/0/0/0/0/0/0/0/0,0.06538123, 0.8946068, 0.7553005,-0.5000021, 0.499998, -0.5000014, 0.4999988,0,1/0/0/0/0/0/0/0/0/0/0/0/0,0.2789254, -0.8028001, 0.7257456,-0.7071048, -6.258489E-07, 1.847005E-08, 0.7071089,0,1/0/0/1/1/0/0/0/0/0/0/0/0,-0.5666056, -0.8199585, 0.8187975,-0.7473956, 9.528496E-05, -0.6643794, -0.0001503414,0,1/0/0/0/0/0/0/0/0/0/0/0/0,-0.4403998, 1.063, 0.476,0.7071067, 0, -1.892012E-09, 0.7071069,0,1/0/0/0/0/0/0/0/0/0/0/0/0,0.492, 0.913, 0.473,0.7071068, 0, 0, 0.7071068,0,1/0/1/0/0/0/0/0/0/0/0/0/0,0.6354504, 0.05860394, 0.7671199,0.9622502, 0.0225576, -0.2578342, 0.08418611,0,1/0/1/0/0/0/0/0/0/0/0/0/0,0.6151701, -99.13681, 0.5802398,-0.7071068, 0, 0, 0.7071068,0,1/0/1/1/2/2/0/0/0/0/0/0/0,0.2202965, 0.9379812, 1.020934,0.203783, 0.7528627, -0.01606636, -0.6256294,0,1/1/0/0/0/0/0/0/0/0/0/0/0,0.2937838, 0.9117013, 0.8096526,-0.1262223, 4.177168E-05, -4.837979E-05, 0.992002,0,1/1/0/0/0/0/0/0/0/0/0/0/0
0.5589001, 1.061108, 0.5708001,-0.7071068, 0, 0.7071068, 8.940697E-08,0,1/0/0/0/0/0/0/0/0/0/0/0/0,0.06538123, 0.8946068, 0.7553005,-0.5000021, 0.499998, -0.5000014, 0.4999988,0,1/0/0/0/0/0/0/0/0/0/0/0/0,0.2789254, -0.8028001, 0.7257456,-0.7071048, -6.258489E-07, 1.852825E-08, 0.7071089,0,1/0/0/1/1/0/0/0/0/0/0/0/0,-0.5666056, -0.8199585, 0.8187975,-0.7473956, 9.528496E-05, -0.6643794, -0.0001503414,0,1/0/0/0/0/0/0/0/0/0/0/0/0,-0.4403998, 1.063, 0.476,0.7071067, 0, -1.892012E-09, 0.7071069,0,1/0/0/0/0/0/0/0/0/0/0/0/0,0.492, 0.913, 0.473,0.7071068, 0, 0, 0.7071068,0,1/0/1/0/0/0/0/0/0/0/0/0/0,0.6354504, 0.05860394, 0.7671199,0.9622502, 0.0225576, -0.2578342, 0.08418611,0,1/0/1/0/0/0/0/0/0/0/0/0/0,0.6151701, -99.13681, 0.5802398,-0.7071068, 0, 0, 0.7071068,0,1/0/1/1/2/2/0/0/0/0/0/0/0,0.2202965, 0.9379812, 1.020934,0.203783, 0.7528627, -0.01606636, -0.6256294,0,1/1/0/0/0/0/0/0/0/0/0/0/0,0.2937838, 0.9117013, 0.8096526,-0.1262223, 4.177168E-05, -4.837979E-05, 0.992002,0,1/1/0/0/0/0/0/0/0/0/0/0/0
0.5589001, 1.061108, 0.5708001,-0.7071068, 0, 0.7071068, 8.940697E-08,0,1/0/0/0/0/0/0/0/0/0/0/0/0,0.06538123, 0.8946068, 0.7553005,-0.5000021, 0.499998, -0.5000014, 0.4999988,0,1/0/0/0/0/0/0/0/0/0/0/0/0,0.2789253, -0.8028001, 0.7257457,-0.7071048, -6.258489E-07, 1.847005E-08, 0.7071089,0,1/0/0/1/1/0/0/0/0/0/0/0/0,-0.5666056, -0.8199585, 0.8187975,-0.7473956, 9.528496E-05, -0.6643794, -0.0001503414,0,1/0/0/0/0/0/0/0/0/0/0/0/0,-0.4403998, 1.063, 0.476,0.7071067, 0, -1.892012E-09, 0.7071069,0,1/0/0/0/0/0/0/0/0/0/0/0/0,0.492, 0.913, 0.473,0.7071068, 0, 0, 0.7071068,0,1/0/1/0/0/0/0/0/0/0/0/0/0,0.6354504, 0.05860394, 0.7671199,0.9622502, 0.0225576, -0.2578342, 0.08418611,0,1/0/1/0/0/0/0/0/0/0/0/0/0,0.6151701, -99.13681, 0.5802398,-0.7071068, 0, 0, 0.7071068,0,1/0/1/1/2/2/0/0/0/0/0/0/0,0.2202965, 0.9379812, 1.020934,0.203783, 0.7528627, -0.01606636, -0.6256294,0,1/1/0/0/0/0/0/0/0/0/0/0/0,0.2937838, 0.9117013, 0.8096526,-0.1262223, 4.177168E-05, -4.837979E-05, 0.992002,0,1/1/0/0/0/0/0/0/0/0/0/0/0
0.5589001, 1.061108, 0.5708001,-0.7071068, 0, 0.7071068, 8.940697E-08,0,1/0/0/0/0/0/0/0/0/0/0/0/0,0.06538123, 0.8946068, 0.7553005,-0.5000021, 0.499998, -0.5000014, 0.4999988,0,1/0/0/0/0/0/0/0/0/0/0/0/0,0.2789252, -0.8028001, 0.7257458,-0.7071048, -6.258489E-07, 1.852825E-08, 0.7071089,0,1/0/0/1/1/0/0/0/0/0/0/0/0,-0.5666056, -0.8199585, 0.8187975,-0.7473956, 9.528496E-05, -0.6643794, -0.0001503414,0,1/0/0/0/0/0/0/0/0/0/0/0/0,-0.4403998, 1.063, 0.476,0.7071067, 0, -1.892012E-09, 0.7071069,0,1/0/0/0/0/0/0/0/0/0/0/0/0,0.492, 0.913, 0.473,0.7071068, 0, 0, 0.7071068,0,1/0/1/0/0/0/0/0/0/0/0/0/0,0.6354504, 0.05860394, 0.7671199,0.9622502, 0.0225576, -0.2578342, 0.08418611,0,1/0/1/0/0/0/0/0/0/0/0/0/0,0.6151701, -99.13681, 0.5802398,-0.7071068, 0, 0, 0.7071068,0,1/0/1/1/2/2/0/0/0/0/0/0/0,0.2202965, 0.9379812, 1.020934,0.203783, 0.7528627, -0.01606636, -0.6256294,0,1/1/0/0/0/0/0/0/0/0/0/0/0,0.2937838, 0.9117013, 0.8096526,-0.1262223, 4.177168E-05, -4.837979E-05, 0.992002,0,1/1/0/0/0/0/0/0/0/0/0/0/0
0.5589001, 1.061108, 0.5708001,-0.7071068, 0, 0.7071068, 8.940697E-08,0,1/0/0/0/0/0/0/0/0/0/0/0/0,0.06538123, 0.8946068, 0.7553005,-0.5000021, 0.499998, -0.5000014, 0.4999988,0,1/0/0/0/0/0/0/0/0/0/0/0/0,0.2789252, -0.8028001, 0.7257459,-0.7071048, -6.258489E-07, 1.847005E-08, 0.7071089,0,1/0/0/1/1/0/0/0/0/0/0/0/0,-0.5666056, -0.8199585, 0.8187975,-0.7473956, 9.528496E-05, -0.6643794, -0.0001503414,0,1/0/0/0/0/0/0/0/0/0/0/0/0,-0.4403998, 1.063, 0.476,0.7071067, 0, -1.892012E-09, 0.7071069,0,1/0/0/0/0/0/0/0/0/0/0/0/0,0.492, 0.913, 0.473,0.7071068, 0, 0, 0.7071068,0,1/0/1/0/0/0/0/0/0/0/0/0/0,0.6354504, 0.05860394, 0.7671199,0.9622502, 0.0225576, -0.2578342, 0.08418611,0,1/0/1/0/0/0/0/0/0/0/0/0/0,0.6151701, -99.13681, 0.5802398,-0.7071068, 0, 0, 0.7071068,0,1/0/1/1/2/2/0/0/0/0/0/0/0,0.2202965, 0.9379812, 1.020934,0.203783, 0.7528627, -0.01606636, -0.6256294,0,1/1/0/0/0/0/0/0/0/0/0/0/0,0.2937838, 0.9117013, 0.8096526,-0.1262223, 4.177168E-05, -4.837979E-05, 0.992002,0,1/1/0/0/0/0/0/0/0/0/0/0/0
0.5589001, 1.061108, 0.5708001,-0.7071068, 0, 0.7071068, 8.940697E-08,0,1/0/0/0/0/0/0/0/0/0/0/0/0,0.06538123, 0.8946068, 0.7553005,-0.5000021, 0.499998, -0.5000014, 0.4999988,0,1/0/0/0/0/0/0/0/0/0/0/0/0,0.2789251, -0.8028001, 0.7257462,-0.7071048, -6.258489E-07, 1.847005E-08, 0.7071089,0,1/0/0/1/1/0/0/0/0/0/0/0/0,-0.5666056, -0.8199585, 0.8187975,-0.7473956, 9.528496E-05, -0.6643794, -0.0001503414,0,1/0/0/0/0/0/0/0/0/0/0/0/0,-0.4403998, 1.063, 0.476,0.7071067, 0, -1.892012E-09, 0.7071069,0,1/0/0/0/0/0/0/0/0/0/0/0/0,0.492, 0.913, 0.473,0.7071068, 0, 0, 0.7071068,0,1/0/1/0/0/0/0/0/0/0/0/0/0,0.6354504, 0.05860394, 0.7671199,0.9622502, 0.0225576, -0.2578342, 0.08418611,0,1/0/1/0/0/0/0/0/0/0/0/0/0,0.6151701, -99.13681, 0.5802398,-0.7071068, 0, 0, 0.7071068,0,1/0/1/1/2/2/0/0/0/0/0/0/0,0.2202965, 0.9379812, 1.020934,0.203783, 0.7528627, -0.01606636, -0.6256294,0,1/1/0/0/0/0/0/0/0/0/0/0/0,0.2937838, 0.9117013, 0.8096526,-0.1262223, 4.177168E-05, -4.837979E-05, 0.992002,0,1/1/0/0/0/0/0/0/0/0/0/0/0
0.5589001, 1.061108, 0.5708001,-0.7071068, 0, 0.7071068, 8.940697E-08,0,1/0/0/0/0/0/0/0/0/0/0/0/0,0.06538123, 0.8946068, 0.7553005,-0.5000021, 0.499998, -0.5000014, 0.4999988,0,1/0/0/0/0/0/0/0/0/0/0/0/0,0.2789249, -0.8028001, 0.7257463,-0.7071048, -6.258489E-07, 1.847005E-08, 0.7071089,0,1/0/0/1/1/0/0/0/0/0/0/0/0,-0.5666056, -0.8199585, 0.8187975,-0.7473956, 9.528496E-05, -0.6643794, -0.0001503414,0,1/0/0/0/0/0/0/0/0/0/0/0/0,-0.4403998, 1.063, 0.476,0.7071067, 0, -1.892012E-09, 0.7071069,0,1/0/0/0/0/0/0/0/0/0/0/0/0,0.492, 0.913, 0.473,0.7071068, 0, 0, 0.7071068,0,1/0/1/0/0/0/0/0/0/0/0/0/0,0.6354504, 0.05860394, 0.7671199,0.9622502, 0.0225576, -0.2578342, 0.08418611,0,1/0/1/0/0/0/0/0/0/0/0/0/0,0.6151701, -99.13681, 0.5802398,-0.7071068, 0, 0, 0.7071068,0,1/0/1/1/2/2/0/0/0/0/0/0/0,0.2202965, 0.9379812, 1.020934,0.203783, 0.7528627, -0.01606636, -0.6256294,0,1/1/0/0/0/0/0/0/0/0/0/0/0,0.2937838, 0.9117013, 0.8096526,-0.1262223, 4.177168E-05, -4.837979E-05, 0.992002,0,1/1/0/0/0/0/0/0/0/0/0/0/0
0.5589001, 1.061108, 0.5708001,-0.7071068, 0, 0.7071068, 8.940697E-08,0,1/0/0/0/0/0/0/0/0/0/0/0/0,0.06538123, 0.8946068, 0.7553005,-0.5000021, 0.499998, -0.5000014, 0.4999988,0,1/0/0/0/0/0/0/0/0/0/0/0/0,0.2789249, -0.8028001, 0.7257464,-0.7071048, -6.258489E-07, 1.852825E-08, 0.7071089,0,1/0/0/1/1/0/0/0/0/0/0/0/0,-0.5666056, -0.8199585, 0.8187975,-0.7473956, 9.528496E-05, -0.6643794, -0.0001503414,0,1/0/0/0/0/0/0/0/0/0/0/0/0,-0.4403998, 1.063, 0.476,0.7071067, 0, -1.892012E-09, 0.7071069,0,1/0/0/0/0/0/0/0/0/0/0/0/0,0.492, 0.913, 0.473,0.7071068, 0, 0, 0.7071068,0,1/0/1/0/0/0/0/0/0/0/0/0/0,0.6354504, 0.05860394, 0.7671199,0.9622502, 0.0225576, -0.2578342, 0.08418611,0,1/0/1/0/0/0/0/0/0/0/0/0/0,0.6151701, -99.13681, 0.5802398,-0.7071068, 0, 0, 0.7071068,0,1/0/1/1/2/2/0/0/0/0/0/0/0,0.2202965, 0.9379812, 1.020934,0.203783, 0.7528627, -0.01606636, -0.6256294,0,1/1/0/0/0/0/0/0/0/0/0/0/0,0.2937838, 0.9117013, 0.8096526,-0.1262223, 4.177168E-05, -4.837979E-05, 0.992002,0,1/1/0/0/0/0/0/0/0/0/0/0/0
0.5589001, 1.061108, 0.5708001,-0.7071068, 0, 0.7071068, 8.940697E-08,0,1/0/0/0/0/0/0/0/0/0/0/0/0,0.06538123, 0.8946068, 0.7553005,-0.5000021, 0.499998, -0.5000014, 0.4999988,0,1/0/0/0/0/0/0/0/0/0/0/0/0,0.2789249, -0.8028001, 0.7257466,-0.7071048, -6.258489E-07, 1.847005E-08, 0.7071089,0,1/0/0/1/1/0/0/0/0/0/0/0/0,-0.5666056, -0.8199585, 0.8187975,-0.7473956, 9.528496E-05, -0.6643794, -0.0001503414,0,1/0/0/0/0/0/0/0/0/0/0/0/0,-0.4403998, 1.063, 0.476,0.7071067, 0, -1.892012E-09, 0.7071069,0,1/0/0/0/0/0/0/0/0/0/0/0/0,0.492, 0.913, 0.473,0.7071068, 0, 0, 0.7071068,0,1/0/1/0/0/0/0/0/0/0/0/0/0,0.6354504, 0.05860394, 0.7671199,0.9622502, 0.0225576, -0.2578342, 0.08418611,0,1/0/1/0/0/0/0/0/0/0/0/0/0,0.6151701, -99.13681, 0.5802398,-0.7071068, 0, 0, 0.7071068,0,1/0/1/1/2/2/0/0/0/0/0/0/0,0.2202965, 0.9379812, 1.020934,0.203783, 0.7528627, -0.01606636, -0.6256294,0,1/1/0/0/0/0/0/0/0/0/0/0/0,0.2937838, 0.9117013, 0.8096526,-0.1262223, 4.177168E-05, -4.837979E-05, 0.992002,0,1/1/0/0/0/0/0/0/0/0/0/0/0
0.5589001, 1.061108, 0.5708001,-0.7071068, 0, 0.7071068, 8.940697E-08,0,1/0/0/0/0/0/0/0/0/0/0/0/0,0.06538123, 0.8946068, 0.7553005,-0.5000021, 0.499998, -0.5000014, 0.4999988,0,1/0/0/0/0/0/0/0/0/0/0/0/0,0.2789249, -0.8028001, 0.7257466,-0.7071048, -6.258489E-07, 1.852825E-08, 0.7071089,0,1/0/0/1/1/0/0/0/0/0/0/0/0,-0.5666056, -0.8199585, 0.8187975,-0.7473956, 9.528496E-05, -0.6643794, -0.0001503414,0,1/0/0/0/0/0/0/0/0/0/0/0/0,-0.4403998, 1.063, 0.476,0.7071067, 0, -1.892012E-09, 0.7071069,0,1/0/0/0/0/0/0/0/0/0/0/0/0,0.492, 0.913, 0.473,0.7071068, 0, 0, 0.7071068,0,1/0/1/0/0/0/0/0/0/0/0/0/0,0.6354504, 0.05860394, 0.7671199,0.9622502, 0.0225576, -0.2578342, 0.08418611,0,1/0/1/0/0/0/0/0/0/0/0/0/0,0.6151701, -99.13681, 0.5802398,-0.7071068, 0, 0, 0.7071068,0,1/0/1/1/2/2/0/0/0/0/0/0/0,0.2202965, 0.9379812, 1.020934,0.203783, 0.7528627, -0.01606636, -0.6256294,0,1/1/0/0/0/0/0/0/0/0/0/0/0,0.2937838, 0.9117013, 0.8096526,-0.1262223, 4.177168E-05, -4.837979E-05, 0.992002,0,1/1/0/0/0/0/0/0/0/0/0/0/0
0.5589001, 1.061108, 0.5708001,-0.7071068, 0, 0.7071068, 8.940697E-08,0,1/0/0/0/0/0/0/0/0/0/0/0/0,0.06538123, 0.8946068, 0.7553005,-0.5000021, 0.499998, -0.5000014, 0.4999988,0,1/0/0/0/0/0/0/0/0/0/0/0/0,0.2789248, -0.8028001, 0.7257468,-0.7071048, -6.258489E-07, 1.847005E-08, 0.7071089,0,1/0/0/1/1/0/0/0/0/0/0/0/0,-0.5666056, -0.8199585, 0.8187975,-0.7473956, 9.528496E-05, -0.6643794, -0.0001503414,0,1/0/0/0/0/0/0/0/0/0/0/0/0,-0.4403998, 1.063, 0.476,0.7071067, 0, -1.892012E-09, 0.7071069,0,1/0/0/0/0/0/0/0/0/0/0/0/0,0.492, 0.913, 0.473,0.7071068, 0, 0, 0.7071068,0,1/0/1/0/0/0/0/0/0/0/0/0/0,0.6354504, 0.05860394, 0.7671199,0.9622502, 0.0225576, -0.2578342, 0.08418611,0,1/0/1/0/0/0/0/0/0/0/0/0/0,0.6151701, -99.13681, 0.5802398,-0.7071068, 0, 0, 0.7071068,0,1/0/1/1/2/2/0/0/0/0/0/0/0,0.2202965, 0.9379812, 1.020934,0.203783, 0.7528627, -0.01606636, -0.6256294,0,1/1/0/0/0/0/0/0/0/0/0/0/0,0.2937838, 0.9117013, 0.8096526,-0.1262223, 4.177168E-05, -4.837979E-05, 0.992002,0,1/1/0/0/0/0/0/0/0/0/0/0/0
0.5589001, 1.061108, 0.5708001,-0.7071068, 0, 0.7071068, 8.940697E-08,0,1/0/0/0/0/0/0/0/0/0/0/0/0,0.06538123, 0.8946068, 0.7553005,-0.5000021, 0.499998, -0.5000014, 0.4999988,0,1/0/0/0/0/0/0/0/0/0/0/0/0,0.2789247, -0.8028001, 0.7257468,-0.7071048, -6.258489E-07, 1.852825E-08, 0.7071089,0,1/0/0/1/1/0/0/0/0/0/0/0/0,-0.5666056, -0.8199585, 0.8187975,-0.7473956, 9.528496E-05, -0.6643794, -0.0001503414,0,1/0/0/0/0/0/0/0/0/0/0/0/0,-0.4403998, 1.063, 0.476,0.7071067, 0, -1.892012E-09, 0.7071069,0,1/0/0/0/0/0/0/0/0/0/0/0/0,0.492, 0.913, 0.473,0.7071068, 0, 0, 0.7071068,0,1/0/1/0/0/0/0/0/0/0/0/0/0,0.6354504, 0.05860394, 0.7671199,0.9622502, 0.0225576, -0.2578342, 0.08418611,0,1/0/1/0/0/0/0/0/0/0/0/0/0,0.6151701, -99.13681, 0.5802398,-0.7071068, 0, 0, 0.7071068,0,1/0/1/1/2/2/0/0/0/0/0/0/0,0.2202965, 0.9379812, 1.020934,0.203783, 0.7528627, -0.01606636, -0.6256294,0,1/1/0/0/0/0/0/0/0/0/0/0/0,0.2937838, 0.9117013, 0.8096526,-0.1262223, 4.177168E-05, -4.837979E-05, 0.992002,0,1/1/0/0/0/0/0/0/0/0/0/0/0
0.5589001, 1.061108, 0.5708001,-0.7071068, 0, 0.7071068, 8.940697E-08,0,1/0/0/0/0/0/0/0/0/0/0/0/0,0.06538123, 0.8946068, 0.7553005,-0.5000021, 0.499998, -0.5000014, 0.4999988,0,1/0/0/0/0/0/0/0/0/0/0/0/0,0.2789246, -0.8028001, 0.7257469,-0.7071048, -6.258489E-07, 1.847005E-08, 0.7071089,0,1/0/0/1/1/0/0/0/0/0/0/0/0,-0.5666056, -0.8199585, 0.8187975,-0.7473956, 9.528496E-05, -0.6643794, -0.0001503414,0,1/0/0/0/0/0/0/0/0/0/0/0/0,-0.4403998, 1.063, 0.476,0.7071067, 0, -1.892012E-09, 0.7071069,0,1/0/0/0/0/0/0/0/0/0/0/0/0,0.492, 0.913, 0.473,0.7071068, 0, 0, 0.7071068,0,1/0/1/0/0/0/0/0/0/0/0/0/0,0.6354504, 0.05860394, 0.7671199,0.9622502, 0.0225576, -0.2578342, 0.08418611,0,1/0/1/0/0/0/0/0/0/0/0/0/0,0.6151701, -99.13681, 0.5802398,-0.7071068, 0, 0, 0.7071068,0,1/0/1/1/2/2/0/0/0/0/0/0/0,0.2202965, 0.9379812, 1.020934,0.203783, 0.7528627, -0.01606636, -0.6256294,0,1/1/0/0/0/0/0/0/0/0/0/0/0,0.2937838, 0.9117013, 0.8096526,-0.1262223, 4.177168E-05, -4.837979E-05, 0.992002,0,1/1/0/0/0/0/0/0/0/0/0/0/0
0.5589001, 1.061108, 0.5708001,-0.7071068, 0, 0.7071068, 8.940697E-08,0,1/0/0/0/0/0/0/0/0/0/0/0/0,0.06538123, 0.8946068, 0.7553005,-0.5000021, 0.499998, -0.5000014, 0.4999988,0,1/0/0/0/0/0/0/0/0/0/0/0/0,0.2789246, -0.8028001, 0.725747,-0.7071048, -6.258489E-07, 1.852825E-08, 0.7071089,0,1/0/0/1/1/0/0/0/0/0/0/0/0,-0.5666056, -0.8199585, 0.8187975,-0.7473956, 9.528496E-05, -0.6643794, -0.0001503414,0,1/0/0/0/0/0/0/0/0/0/0/0/0,-0.4403998, 1.063, 0.476,0.7071067, 0, -1.892012E-09, 0.7071069,0,1/0/0/0/0/0/0/0/0/0/0/0/0,0.492, 0.913, 0.473,0.7071068, 0, 0, 0.7071068,0,1/0/1/0/0/0/0/0/0/0/0/0/0,0.6354504, 0.05860394, 0.7671199,0.9622502, 0.0225576, -0.2578342, 0.08418611,0,1/0/1/0/0/0/0/0/0/0/0/0/0,0.6151701, -99.13681, 0.5802398,-0.7071068, 0, 0, 0.7071068,0,1/0/1/1/2/2/0/0/0/0/0/0/0,0.2202965, 0.9379812, 1.020934,0.203783, 0.7528627, -0.01606636, -0.6256294,0,1/1/0/0/0/0/0/0/0/0/0/0/0,0.2937838, 0.9117013, 0.8096526,-0.1262223, 4.177168E-05, -4.837979E-05, 0.992002,0,1/1/0/0/0/0/0/0/0/0/0/0/0
0.5589001, 1.061108, 0.5708001,-0.7071068, 0, 0.7071068, 8.940697E-08,0,1/0/0/0/0/0/0/0/0/0/0/0/0,0.06538123, 0.8946068, 0.7553005,-0.5000021, 0.499998, -0.5000014, 0.4999988,0,1/0/0/0/0/0/0/0/0/0/0/0/0,0.2789245, -0.8028001, 0.7257472,-0.7071048, -6.258489E-07, 1.847005E-08, 0.7071089,0,1/0/0/1/1/0/0/0/0/0/0/0/0,-0.5666056, -0.8199585, 0.8187975,-0.7473956, 9.528496E-05, -0.6643794, -0.0001503414,0,1/0/0/0/0/0/0/0/0/0/0/0/0,-0.4403998, 1.063, 0.476,0.7071067, 0, -1.892012E-09, 0.7071069,0,1/0/0/0/0/0/0/0/0/0/0/0/0,0.492, 0.913, 0.473,0.7071068, 0, 0, 0.7071068,0,1/0/1/0/0/0/0/0/0/0/0/0/0,0.6354504, 0.05860394, 0.7671199,0.9622502, 0.0225576, -0.2578342, 0.08418611,0,1/0/1/0/0/0/0/0/0/0/0/0/0,0.6151701, -99.13681, 0.5802398,-0.7071068, 0, 0, 0.7071068,0,1/0/1/1/2/2/0/0/0/0/0/0/0,0.2202965, 0.9379812, 1.020934,0.203783, 0.7528627, -0.01606636, -0.6256294,0,1/1/0/0/0/0/0/0/0/0/0/0/0,0.2937838, 0.9117013, 0.8096526,-0.1262223, 4.177168E-05, -4.837979E-05, 0.992002,0,1/1/0/0/0/0/0/0/0/0/0/0/0
0.5589001, 1.061108, 0.5708001,-0.7071068, 0, 0.7071068, 8.940697E-08,0,1/0/0/0/0/0/0/0/0/0/0/0/0,0.06538123, 0.8946068, 0.7553005,-0.5000021, 0.499998, -0.5000014, 0.4999988,0,1/0/0/0/0/0/0/0/0/0/0/0/0,0.2789245, -0.8028001, 0.7257472,-0.7071048, -6.258489E-07, 1.852825E-08, 0.7071089,0,1/0/0/1/1/0/0/0/0/0/0/0/0,-0.5666056, -0.8199585, 0.8187975,-0.7473956, 9.528496E-05, -0.6643794, -0.0001503414,0,1/0/0/0/0/0/0/0/0/0/0/0/0,-0.4403998, 1.063, 0.476,0.7071067, 0, -1.892012E-09, 0.7071069,0,1/0/0/0/0/0/0/0/0/0/0/0/0,0.492, 0.913, 0.473,0.7071068, 0, 0, 0.7071068,0,1/0/1/0/0/0/0/0/0/0/0/0/0,0.6354504, 0.05860394, 0.7671199,0.9622502, 0.0225576, -0.2578342, 0.08418611,0,1/0/1/0/0/0/0/0/0/0/0/0/0,0.6151701, -99.13681, 0.5802398,-0.7071068, 0, 0, 0.7071068,0,1/0/1/1/2/2/0/0/0/0/0/0/0,0.2202965, 0.9379812, 1.020934,0.203783, 0.7528627, -0.01606636, -0.6256294,0,1/1/0/0/0/0/0/0/0/0/0/0/0,0.2937838, 0.9117013, 0.8096526,-0.1262223, 4.177168E-05, -4.837979E-05, 0.992002,0,1/1/0/0/0/0/0/0/0/0/0/0/0
0.5589001, 1.061108, 0.5708001,-0.7071068, 0, 0.7071068, 8.940697E-08,0,1/0/0/0/0/0/0/0/0/0/0/0/0,0.06538123, 0.8946068, 0.7553005,-0.5000021, 0.499998, -0.5000014, 0.4999988,0,1/0/0/0/0/0/0/0/0/0/0/0/0,0.2789244, -0.8028001, 0.7257473,-0.7071048, -6.258489E-07, 1.847005E-08, 0.7071089,0,1/0/0/1/1/0/0/0/0/0/0/0/0,-0.5666056, -0.8199585, 0.8187975,-0.7473956, 9.528496E-05, -0.6643794, -0.0001503414,0,1/0/0/0/0/0/0/0/0/0/0/0/0,-0.4403998, 1.063, 0.476,0.7071067, 0, -1.892012E-09, 0.7071069,0,1/0/0/0/0/0/0/0/0/0/0/0/0,0.492, 0.913, 0.473,0.7071068, 0, 0, 0.7071068,0,1/0/1/0/0/0/0/0/0/0/0/0/0,0.6354504, 0.05860394, 0.7671199,0.9622502, 0.0225576, -0.2578342, 0.08418611,0,1/0/1/0/0/0/0/0/0/0/0/0/0,0.6151701, -99.13681, 0.5802398,-0.7071068, 0, 0, 0.7071068,0,1/0/1/1/2/2/0/0/0/0/0/0/0,0.2202965, 0.9379812, 1.020934,0.203783, 0.7528627, -0.01606636, -0.6256294,0,1/1/0/0/0/0/0/0/0/0/0/0/0,0.2937838, 0.9117013, 0.8096526,-0.1262223, 4.177168E-05, -4.837979E-05, 0.992002,0,1/1/0/0/0/0/0/0/0/0/0/0/0
0.5589001, 1.061108, 0.5708001,-0.7071068, 0, 0.7071068, 8.940697E-08,0,1/0/0/0/0/0/0/0/0/0/0/0/0,0.06538123, 0.8946068, 0.7553005,-0.5000021, 0.499998, -0.5000014, 0.4999988,0,1/0/0/0/0/0/0/0/0/0/0/0/0,0.2789243, -0.8028001, 0.7257474,-0.7071048, -6.258489E-07, 1.852825E-08, 0.7071089,0,1/0/0/1/1/0/0/0/0/0/0/0/0,-0.5666056, -0.8199585, 0.8187975,-0.7473956, 9.528496E-05, -0.6643794, -0.0001503414,0,1/0/0/0/0/0/0/0/0/0/0/0/0,-0.4403998, 1.063, 0.476,0.7071067, 0, -1.892012E-09, 0.7071069,0,1/0/0/0/0/0/0/0/0/0/0/0/0,0.492, 0.913, 0.473,0.7071068, 0, 0, 0.7071068,0,1/0/1/0/0/0/0/0/0/0/0/0/0,0.6354504, 0.05860394, 0.7671199,0.9622502, 0.0225576, -0.2578342, 0.08418611,0,1/0/1/0/0/0/0/0/0/0/0/0/0,0.6151701, -99.13681, 0.5802398,-0.7071068, 0, 0, 0.7071068,0,1/0/1/1/2/2/0/0/0/0/0/0/0,0.2202965, 0.9379812, 1.020934,0.203783, 0.7528627, -0.01606636, -0.6256294,0,1/1/0/0/0/0/0/0/0/0/0/0/0,0.2937838, 0.9117013, 0.8096526,-0.1262223, 4.177168E-05, -4.837979E-05, 0.992002,0,1/1/0/0/0/0/0/0/0/0/0/0/0
0.5589001, 1.061108, 0.5708001,-0.7071068, 0, 0.7071068, 8.940697E-08,0,1/0/0/0/0/0/0/0/0/0/0/0/0,0.06538123, 0.8946068, 0.7553005,-0.5000021, 0.499998, -0.5000014, 0.4999988,0,1/0/0/0/0/0/0/0/0/0/0/0/0,0.2789243, -0.8028001, 0.7257475,-0.7071048, -6.258489E-07, 1.847005E-08, 0.7071089,0,1/0/0/1/1/0/0/0/0/0/0/0/0,-0.5666056, -0.8199585, 0.8187975,-0.7473956, 9.528496E-05, -0.6643794, -0.0001503414,0,1/0/0/0/0/0/0/0/0/0/0/0/0,-0.4403998, 1.063, 0.476,0.7071067, 0, -1.892012E-09, 0.7071069,0,1/0/0/0/0/0/0/0/0/0/0/0/0,0.492, 0.913, 0.473,0.7071068, 0, 0, 0.7071068,0,1/0/1/0/0/0/0/0/0/0/0/0/0,0.6354504, 0.05860394, 0.7671199,0.9622502, 0.0225576, -0.2578342, 0.08418611,0,1/0/1/0/0/0/0/0/0/0/0/0/0,0.6151701, -99.13681, 0.5802398,-0.7071068, 0, 0, 0.7071068,0,1/0/1/1/2/2/0/0/0/0/0/0/0,0.2202965, 0.9379812, 1.020934,0.203783, 0.7528627, -0.01606636, -0.6256294,0,1/1/0/0/0/0/0/0/0/0/0/0/0,0.2937838, 0.9117013, 0.8096526,-0.1262223, 4.177168E-05, -4.837979E-05, 0.992002,0,1/1/0/0/0/0/0/0/0/0/0/0/0
0.5589001, 1.061108, 0.5708001,-0.7071068, 0, 0.7071068, 8.940697E-08,0,1/0/0/0/0/0/0/0/0/0/0/0/0,0.06538123, 0.8946068, 0.7553005,-0.5000021, 0.499998, -0.5000014, 0.4999988,0,1/0/0/0/0/0/0/0/0/0/0/0/0,0.2789243, -0.8028001, 0.7257476,-0.7071048, -6.258489E-07, 1.852825E-08, 0.7071089,0,1/0/0/1/1/0/0/0/0/0/0/0/0,-0.5666056, -0.8199585, 0.8187975,-0.7473956, 9.528496E-05, -0.6643794, -0.0001503414,0,1/0/0/0/0/0/0/0/0/0/0/0/0,-0.4403998, 1.063, 0.476,0.7071067, 0, -1.892012E-09, 0.7071069,0,1/0/0/0/0/0/0/0/0/0/0/0/0,0.492, 0.913, 0.473,0.7071068, 0, 0, 0.7071068,0,1/0/1/0/0/0/0/0/0/0/0/0/0,0.6354504, 0.05860394, 0.7671199,0.9622502, 0.0225576, -0.2578342, 0.08418611,0,1/0/1/0/0/0/0/0/0/0/0/0/0,0.6151701, -99.13681, 0.5802398,-0.7071068, 0, 0, 0.7071068,0,1/0/1/1/2/2/0/0/0/0/0/0/0,0.2202965, 0.9379812, 1.020934,0.203783, 0.7528627, -0.01606636, -0.6256294,0,1/1/0/0/0/0/0/0/0/0/0/0/0,0.2937838, 0.9117013, 0.8096526,-0.1262223, 4.177168E-05, -4.837979E-05, 0.992002,0,1/1/0/0/0/0/0/0/0/0/0/0/0
0.5589001, 1.061108, 0.5708001,-0.7071068, 0, 0.7071068, 8.940697E-08,0,1/0/0/0/0/0/0/0/0/0/0/0/0,0.06538123, 0.8946068, 0.7553005,-0.5000021, 0.499998, -0.5000014, 0.4999988,0,1/0/0/0/0/0/0/0/0/0/0/0/0,0.2789242, -0.8028001, 0.7257478,-0.7071048, -6.258489E-07, 1.847005E-08, 0.7071089,0,1/0/0/1/1/0/0/0/0/0/0/0/0,-0.5666056, -0.8199585, 0.8187975,-0.7473956, 9.528496E-05, -0.6643794, -0.0001503414,0,1/0/0/0/0/0/0/0/0/0/0/0/0,-0.4403998, 1.063, 0.476,0.7071067, 0, -1.892012E-09, 0.7071069,0,1/0/0/0/0/0/0/0/0/0/0/0/0,0.492, 0.913, 0.473,0.7071068, 0, 0, 0.7071068,0,1/0/1/0/0/0/0/0/0/0/0/0/0,0.6354504, 0.05860394, 0.7671199,0.9622502, 0.0225576, -0.2578342, 0.08418611,0,1/0/1/0/0/0/0/0/0/0/0/0/0,0.6151701, -99.13681, 0.5802398,-0.7071068, 0, 0, 0.7071068,0,1/0/1/1/2/2/0/0/0/0/0/0/0,0.2202965, 0.9379812, 1.020934,0.203783, 0.7528627, -0.01606636, -0.6256294,0,1/1/0/0/0/0/0/0/0/0/0/0/0,0.2937838, 0.9117013, 0.8096526,-0.1262223, 4.177168E-05, -4.837979E-05, 0.992002,0,1/1/0/0/0/0/0/0/0/0/0/0/0
0.5589001, 1.061108, 0.5708001,-0.7071068, 0, 0.7071068, 8.940697E-08,0,1/0/0/0/0/0/0/0/0/0/0/0/0,0.06538123, 0.8946068, 0.7553005,-0.5000021, 0.499998, -0.5000014, 0.4999988,0,1/0/0/0/0/0/0/0/0/0/0/0/0,0.2789242, -0.8028001, 0.7257478,-0.7071048, -6.258489E-07, 1.852825E-08, 0.7071089,0,1/0/0/1/1/0/0/0/0/0/0/0/0,-0.5666056, -0.8199585, 0.8187975,-0.7473956, 9.528496E-05, -0.6643794, -0.0001503414,0,1/0/0/0/0/0/0/0/0/0/0/0/0,-0.4403998, 1.063, 0.476,0.7071067, 0, -1.892012E-09, 0.7071069,0,1/0/0/0/0/0/0/0/0/0/0/0/0,0.492, 0.913, 0.473,0.7071068, 0, 0, 0.7071068,0,1/0/1/0/0/0/0/0/0/0/0/0/0,0.6354504, 0.05860394, 0.7671199,0.9622502, 0.0225576, -0.2578342, 0.08418611,0,1/0/1/0/0/0/0/0/0/0/0/0/0,0.6151701, -99.13681, 0.5802398,-0.7071068, 0, 0, 0.7071068,0,1/0/1/1/2/2/0/0/0/0/0/0/0,0.2202965, 0.9379812, 1.020934,0.203783, 0.7528627, -0.01606636, -0.6256294,0,1/1/0/0/0/0/0/0/0/0/0/0/0,0.2937838, 0.9117013, 0.8096526,-0.1262223, 4.177168E-05, -4.837979E-05, 0.992002,0,1/1/0/0/0/0/0/0/0/0/0/0/0
0.5589001, 1.061108, 0.5708001,-0.7071068, 0, 0.7071068, 8.940697E-08,0,1/0/0/0/0/0/0/0/0/0/0/0/0,0.06538123, 0.8946068, 0.7553005,-0.5000021, 0.499998, -0.5000014, 0.4999988,0,1/0/0/0/0/0/0/0/0/0/0/0/0,0.2789241, -0.8028001, 0.7257479,-0.7071048, -6.258489E-07, 1.847005E-08, 0.7071089,0,1/0/0/1/1/0/0/0/0/0/0/0/0,-0.5666056, -0.8199585, 0.8187975,-0.7473956, 9.528496E-05, -0.6643794, -0.0001503414,0,1/0/0/0/0/0/0/0/0/0/0/0/0,-0.4403998, 1.063, 0.476,0.7071067, 0, -1.892012E-09, 0.7071069,0,1/0/0/0/0/0/0/0/0/0/0/0/0,0.492, 0.913, 0.473,0.7071068, 0, 0, 0.7071068,0,1/0/1/0/0/0/0/0/0/0/0/0/0,0.6354504, 0.05860394, 0.7671199,0.9622502, 0.0225576, -0.2578342, 0.08418611,0,1/0/1/0/0/0/0/0/0/0/0/0/0,0.6151701, -99.13681, 0.5802398,-0.7071068, 0, 0, 0.7071068,0,1/0/1/1/2/2/0/0/0/0/0/0/0,0.2202965, 0.9379812, 1.020934,0.203783, 0.7528627, -0.01606636, -0.6256294,0,1/1/0/0/0/0/0/0/0/0/0/0/0,0.2937838, 0.9117013, 0.8096526,-0.1262223, 4.177168E-05, -4.837979E-05, 0.992002,0,1/1/0/0/0/0/0/0/0/0/0/0/0
0.5589001, 1.061108, 0.5708001,-0.7071068, 0, 0.7071068, 8.940697E-08,0,1/0/0/0/0/0/0/0/0/0/0/0/0,0.06538123, 0.8946068, 0.7553005,-0.5000021, 0.499998, -0.5000014, 0.4999988,0,1/0/0/0/0/0/0/0/0/0/0/0/0,0.278924, -0.8028001, 0.725748,-0.7071048, -6.258489E-07, 1.852825E-08, 0.7071089,0,1/0/0/1/1/0/0/0/0/0/0/0/0,-0.5666056, -0.8199585, 0.8187975,-0.7473956, 9.528496E-05, -0.6643794, -0.0001503414,0,1/0/0/0/0/0/0/0/0/0/0/0/0,-0.4403998, 1.063, 0.476,0.7071067, 0, -1.892012E-09, 0.7071069,0,1/0/0/0/0/0/0/0/0/0/0/0/0,0.492, 0.913, 0.473,0.7071068, 0, 0, 0.7071068,0,1/0/1/0/0/0/0/0/0/0/0/0/0,0.6354504, 0.05860394, 0.7671199,0.9622502, 0.0225576, -0.2578342, 0.08418611,0,1/0/1/0/0/0/0/0/0/0/0/0/0,0.6151701, -99.13681, 0.5802398,-0.7071068, 0, 0, 0.7071068,0,1/0/1/1/2/2/0/0/0/0/0/0/0,0.2202965, 0.9379812, 1.020934,0.203783, 0.7528627, -0.01606636, -0.6256294,0,1/1/0/0/0/0/0/0/0/0/0/0/0,0.2937838, 0.9117013, 0.8096526,-0.1262223, 4.177168E-05, -4.837979E-05, 0.992002,0,1/1/0/0/0/0/0/0/0/0/0/0/0
0.5589001, 1.061108, 0.5708001,-0.7071068, 0, 0.7071068, 8.940697E-08,0,1/0/0/0/0/0/0/0/0/0/0/0/0,0.06538123, 0.8946068, 0.7553005,-0.5000021, 0.499998, -0.5000014, 0.4999988,0,1/0/0/0/0/0/0/0/0/0/0/0/0,0.278924, -0.8028001, 0.7257482,-0.7071048, -6.258489E-07, 1.847005E-08, 0.7071089,0,1/0/0/1/1/0/0/0/0/0/0/0/0,-0.5666056, -0.8199585, 0.8187975,-0.7473956, 9.528496E-05, -0.6643794, -0.0001503414,0,1/0/0/0/0/0/0/0/0/0/0/0/0,-0.4403998, 1.063, 0.476,0.7071067, 0, -1.892012E-09, 0.7071069,0,1/0/0/0/0/0/0/0/0/0/0/0/0,0.492, 0.913, 0.473,0.7071068, 0, 0, 0.7071068,0,1/0/1/0/0/0/0/0/0/0/0/0/0,0.6354504, 0.05860394, 0.7671199,0.9622502, 0.0225576, -0.2578342, 0.08418611,0,1/0/1/0/0/0/0/0/0/0/0/0/0,0.6151701, -99.13681, 0.5802398,-0.7071068, 0, 0, 0.7071068,0,1/0/1/1/2/2/0/0/0/0/0/0/0,0.2202965, 0.9379812, 1.020934,0.203783, 0.7528627, -0.01606636, -0.6256294,0,1/1/0/0/0/0/0/0/0/0/0/0/0,0.2937838, 0.9117013, 0.8096526,-0.1262223, 4.177168E-05, -4.837979E-05, 0.992002,0,1/1/0/0/0/0/0/0/0/0/0/0/0
0.5589001, 1.061108, 0.5708001,-0.7071068, 0, 0.7071068, 8.940697E-08,0,1/0/0/0/0/0/0/0/0/0/0/0/0,0.06538123, 0.8946068, 0.7553005,-0.5000021, 0.499998, -0.5000014, 0.4999988,0,1/0/0/0/0/0/0/0/0/0/0/0/0,0.2789239, -0.8028001, 0.7257482,-0.7071048, -6.258489E-07, 1.852825E-08, 0.7071089,0,1/0/0/1/1/0/0/0/0/0/0/0/0,-0.5666056, -0.8199585, 0.8187975,-0.7473956, 9.528496E-05, -0.6643794, -0.0001503414,0,1/0/0/0/0/0/0/0/0/0/0/0/0,-0.4403998, 1.063, 0.476,0.7071067, 0, -1.892012E-09, 0.7071069,0,1/0/0/0/0/0/0/0/0/0/0/0/0,0.492, 0.913, 0.473,0.7071068, 0, 0, 0.7071068,0,1/0/1/0/0/0/0/0/0/0/0/0/0,0.6354504, 0.05860394, 0.7671199,0.9622502, 0.0225576, -0.2578342, 0.08418611,0,1/0/1/0/0/0/0/0/0/0/0/0/0,0.6151701, -99.13681, 0.5802398,-0.7071068, 0, 0, 0.7071068,0,1/0/1/1/2/2/0/0/0/0/0/0/0,0.2202965, 0.9379812, 1.020934,0.203783, 0.7528627, -0.01606636, -0.6256294,0,1/1/0/0/0/0/0/0/0/0/0/0/0,0.2937838, 0.9117013, 0.8096526,-0.1262223, 4.177168E-05, -4.837979E-05, 0.992002,0,1/1/0/0/0/0/0/0/0/0/0/0/0
0.5589001, 1.061108, 0.5708001,-0.7071068, 0, 0.7071068, 8.940697E-08,0,1/0/0/0/0/0/0/0/0/0/0/0/0,0.06538123, 0.8946068, 0.7553005,-0.5000021, 0.499998, -0.5000014, 0.4999988,0,1/0/0/0/0/0/0/0/0/0/0/0/0,0.2789239, -0.8028001, 0.7257484,-0.7071048, -6.258489E-07, 1.847005E-08, 0.7071089,0,1/0/0/1/1/0/0/0/0/0/0/0/0,-0.5666056, -0.8199585, 0.8187975,-0.7473956, 9.528496E-05, -0.6643794, -0.0001503414,0,1/0/0/0/0/0/0/0/0/0/0/0/0,-0.4403998, 1.063, 0.476,0.7071067, 0, -1.892012E-09, 0.7071069,0,1/0/0/0/0/0/0/0/0/0/0/0/0,0.492, 0.913, 0.473,0.7071068, 0, 0, 0.7071068,0,1/0/1/0/0/0/0/0/0/0/0/0/0,0.6354504, 0.05860394, 0.7671199,0.9622502, 0.0225576, -0.2578342, 0.08418611,0,1/0/1/0/0/0/0/0/0/0/0/0/0,0.6151701, -99.13681, 0.5802398,-0.7071068, 0, 0, 0.7071068,0,1/0/1/1/2/2/0/0/0/0/0/0/0,0.2202965, 0.9379812, 1.020934,0.203783, 0.7528627, -0.01606636, -0.6256294,0,1/1/0/0/0/0/0/0/0/0/0/0/0,0.2937838, 0.9117013, 0.8096526,-0.1262223, 4.177168E-05, -4.837979E-05, 0.992002,0,1/1/0/0/0/0/0/0/0/0/0/0/0
0.5589001, 1.061108, 0.5708001,-0.7071068, 0, 0.7071068, 8.940697E-08,0,1/0/0/0/0/0/0/0/0/0/0/0/0,0.06538123, 0.8946068, 0.7553005,-0.5000021, 0.499998, -0.5000014, 0.4999988,0,1/0/0/0/0/0/0/0/0/0/0/0/0,0.2789238, -0.8028001, 0.7257484,-0.7071048, -6.258489E-07, 1.852825E-08, 0.7071089,0,1/0/0/1/1/0/0/0/0/0/0/0/0,-0.5666056, -0.8199585, 0.8187975,-0.7473956, 9.528496E-05, -0.6643794, -0.0001503414,0,1/0/0/0/0/0/0/0/0/0/0/0/0,-0.4403998, 1.063, 0.476,0.7071067, 0, -1.892012E-09, 0.7071069,0,1/0/0/0/0/0/0/0/0/0/0/0/0,0.492, 0.913, 0.473,0.7071068, 0, 0, 0.7071068,0,1/0/1/0/0/0/0/0/0/0/0/0/0,0.6354504, 0.05860394, 0.7671199,0.9622502, 0.0225576, -0.2578342, 0.08418611,0,1/0/1/0/0/0/0/0/0/0/0/0/0,0.6151701, -99.13681, 0.5802398,-0.7071068, 0, 0, 0.7071068,0,1/0/1/1/2/2/0/0/0/0/0/0/0,0.2202965, 0.9379812, 1.020934,0.203783, 0.7528627, -0.01606636, -0.6256294,0,1/1/0/0/0/0/0/0/0/0/0/0/0,0.2937838, 0.9117013, 0.8096526,-0.1262223, 4.177168E-05, -4.837979E-05, 0.992002,0,1/1/0/0/0/0/0/0/0/0/0/0/0
0.5589001, 1.061108, 0.5708001,-0.7071068, 0, 0.7071068, 8.940697E-08,0,1/0/0/0/0/0/0/0/0/0/0/0/0,0.06538123, 0.8946068, 0.7553005,-0.5000021, 0.499998, -0.5000014, 0.4999988,0,1/0/0/0/0/0/0/0/0/0/0/0/0,0.2789238, -0.8028001, 0.7257485,-0.7071048, -6.258489E-07, 1.847005E-08, 0.7071089,0,1/0/0/1/1/0/0/0/0/0/0/0/0,-0.5666056, -0.8199585, 0.8187975,-0.7473956, 9.528496E-05, -0.6643794, -0.0001503414,0,1/0/0/0/0/0/0/0/0/0/0/0/0,-0.4403998, 1.063, 0.476,0.7071067, 0, -1.892012E-09, 0.7071069,0,1/0/0/0/0/0/0/0/0/0/0/0/0,0.492, 0.913, 0.473,0.7071068, 0, 0, 0.7071068,0,1/0/1/0/0/0/0/0/0/0/0/0/0,0.6354504, 0.05860394, 0.7671199,0.9622502, 0.0225576, -0.2578342, 0.08418611,0,1/0/1/0/0/0/0/0/0/0/0/0/0,0.6151701, -99.13681, 0.5802398,-0.7071068, 0, 0, 0.7071068,0,1/0/1/1/2/2/0/0/0/0/0/0/0,0.2202965, 0.9379812, 1.020934,0.203783, 0.7528627, -0.01606636, -0.6256294,0,1/1/0/0/0/0/0/0/0/0/0/0/0,0.2937838, 0.9117013, 0.8096526,-0.1262223, 4.177168E-05, -4.837979E-05, 0.992002,0,1/1/0/0/0/0/0/0/0/0/0/0/0
0.5589001, 1.061108, 0.5708001,-0.7071068, 0, 0.7071068, 8.940697E-08,0,1/0/0/0/0/0/0/0/0/0/0/0/0,0.06538123, 0.8946068, 0.7553005,-0.5000021, 0.499998, -0.5000014, 0.4999988,0,1/0/0/0/0/0/0/0/0/0/0/0/0,0.2789238, -0.8028001, 0.7257486,-0.7071048, -6.258489E-07, 1.852825E-08, 0.7071089,0,1/0/0/1/1/0/0/0/0/0/0/0/0,-0.5666056, -0.8199585, 0.8187975,-0.7473956, 9.528496E-05, -0.6643794, -0.0001503414,0,1/0/0/0/0/0/0/0/0/0/0/0/0,-0.4403998, 1.063, 0.476,0.7071067, 0, -1.892012E-09, 0.7071069,0,1/0/0/0/0/0/0/0/0/0/0/0/0,0.492, 0.913, 0.473,0.7071068, 0, 0, 0.7071068,0,1/0/1/0/0/0/0/0/0/0/0/0/0,0.6354504, 0.05860394, 0.7671199,0.9622502, 0.0225576, -0.2578342, 0.08418611,0,1/0/1/0/0/0/0/0/0/0/0/0/0,0.6151701, -99.13681, 0.5802398,-0.7071068, 0, 0, 0.7071068,0,1/0/1/1/2/2/0/0/0/0/0/0/0,0.2202965, 0.9379812, 1.020934,0.203783, 0.7528627, -0.01606636, -0.6256294,0,1/1/0/0/0/0/0/0/0/0/0/0/0,0.2937838, 0.9117013, 0.8096526,-0.1262223, 4.177168E-05, -4.837979E-05, 0.992002,0,1/1/0/0/0/0/0/0/0/0/0/0/0
0.5589001, 1.061108, 0.5708001,-0.7071068, 0, 0.7071068, 8.940697E-08,0,1/0/0/0/0/0/0/0/0/0/0/0/0,0.06538123, 0.8946068, 0.7553005,-0.5000021, 0.499998, -0.5000014, 0.4999988,0,1/0/0/0/0/0/0/0/0/0/0/0/0,0.2789237, -0.8028001, 0.7257488,-0.7071048, -6.258489E-07, 1.847005E-08, 0.7071089,0,1/0/0/1/1/0/0/0/0/0/0/0/0,-0.5666056, -0.8199585, 0.8187975,-0.7473956, 9.528496E-05, -0.6643794, -0.0001503414,0,1/0/0/0/0/0/0/0/0/0/0/0/0,-0.4403998, 1.063, 0.476,0.7071067, 0, -1.892012E-09, 0.7071069,0,1/0/0/0/0/0/0/0/0/0/0/0/0,0.492, 0.913, 0.473,0.7071068, 0, 0, 0.7071068,0,1/0/1/0/0/0/0/0/0/0/0/0/0,0.6354504, 0.05860394, 0.7671199,0.9622502, 0.0225576, -0.2578342, 0.08418611,0,1/0/1/0/0/0/0/0/0/0/0/0/0,0.6151701, -99.13681, 0.5802398,-0.7071068, 0, 0, 0.7071068,0,1/0/1/1/2/2/0/0/0/0/0/0/0,0.2202965, 0.9379812, 1.020934,0.203783, 0.7528627, -0.01606636, -0.6256294,0,1/1/0/0/0/0/0/0/0/0/0/0/0,0.2937838, 0.9117013, 0.8096526,-0.1262223, 4.177168E-05, -4.837979E-05, 0.992002,0,1/1/0/0/0/0/0/0/0/0/0/0/0
0.5589001, 1.061108, 0.5708001,-0.7071068, 0, 0.7071068, 8.940697E-08,0,1/0/0/0/0/0/0/0/0/0/0/0/0,0.06538123, 0.8946068, 0.7553005,-0.5000021, 0.499998, -0.5000014, 0.4999988,0,1/0/0/0/0/0/0/0/0/0/0/0/0,0.2789236, -0.8028001, 0.7257488,-0.7071048, -6.258489E-07, 1.852825E-08, 0.7071089,0,1/0/0/1/1/0/0/0/0/0/0/0/0,-0.5666056, -0.8199585, 0.8187975,-0.7473956, 9.528496E-05, -0.6643794, -0.0001503414,0,1/0/0/0/0/0/0/0/0/0/0/0/0,-0.4403998, 1.063, 0.476,0.7071067, 0, -1.892012E-09, 0.7071069,0,1/0/0/0/0/0/0/0/0/0/0/0/0,0.492, 0.913, 0.473,0.7071068, 0, 0, 0.7071068,0,1/0/1/0/0/0/0/0/0/0/0/0/0,0.6354504, 0.05860394, 0.7671199,0.9622502, 0.0225576, -0.2578342, 0.08418611,0,1/0/1/0/0/0/0/0/0/0/0/0/0,0.6151701, -99.13681, 0.5802398,-0.7071068, 0, 0, 0.7071068,0,1/0/1/1/2/2/0/0/0/0/0/0/0,0.2202965, 0.9379812, 1.020934,0.203783, 0.7528627, -0.01606636, -0.6256294,0,1/1/0/0/0/0/0/0/0/0/0/0/0,0.2937838, 0.9117013, 0.8096526,-0.1262223, 4.177168E-05, -4.837979E-05, 0.992002,0,1/1/0/0/0/0/0/0/0/0/0/0/0
0.5589001, 1.061108, 0.5708001,-0.7071068, 0, 0.7071068, 8.940697E-08,0,1/0/0/0/0/0/0/0/0/0/0/0/0,0.06538123, 0.8946068, 0.7553005,-0.5000021, 0.499998, -0.5000014, 0.4999988,0,1/0/0/0/0/0/0/0/0/0/0/0/0,0.2789236, -0.8028001, 0.725749,-0.7071048, -6.258489E-07, 1.847005E-08, 0.7071089,0,1/0/0/1/1/0/0/0/0/0/0/0/0,-0.5666056, -0.8199585, 0.8187975,-0.7473956, 9.528496E-05, -0.6643794, -0.0001503414,0,1/0/0/0/0/0/0/0/0/0/0/0/0,-0.4403998, 1.063, 0.476,0.7071067, 0, -1.892012E-09, 0.7071069,0,1/0/0/0/0/0/0/0/0/0/0/0/0,0.492, 0.913, 0.473,0.7071068, 0, 0, 0.7071068,0,1/0/1/0/0/0/0/0/0/0/0/0/0,0.6354504, 0.05860394, 0.7671199,0.9622502, 0.0225576, -0.2578342, 0.08418611,0,1/0/1/0/0/0/0/0/0/0/0/0/0,0.6151701, -99.13681, 0.5802398,-0.7071068, 0, 0, 0.7071068,0,1/0/1/1/2/2/0/0/0/0/0/0/0,0.2202965, 0.9379812, 1.020934,0.203783, 0.7528627, -0.01606636, -0.6256294,0,1/1/0/0/0/0/0/0/0/0/0/0/0,0.2937838, 0.9117013, 0.8096526,-0.1262223, 4.177168E-05, -4.837979E-05, 0.992002,0,1/1/0/0/0/0/0/0/0/0/0/0/0
0.5589001, 1.061108, 0.5708001,-0.7071068, 0, 0.7071068, 8.940697E-08,0,1/0/0/0/0/0/0/0/0/0/0/0/0,0.06538123, 0.8946068, 0.7553005,-0.5000021, 0.499998, -0.5000014, 0.4999988,0,1/0/0/0/0/0/0/0/0/0/0/0/0,0.2789235, -0.8028001, 0.725749,-0.7071048, -6.258489E-07, 1.852825E-08, 0.7071089,0,1/0/0/1/1/0/0/0/0/0/0/0/0,-0.5666056, -0.8199585, 0.8187975,-0.7473956, 9.528496E-05, -0.6643794, -0.0001503414,0,1/0/0/0/0/0/0/0/0/0/0/0/0,-0.4403998, 1.063, 0.476,0.7071067, 0, -1.892012E-09, 0.7071069,0,1/0/0/0/0/0/0/0/0/0/0/0/0,0.492, 0.913, 0.473,0.7071068, 0, 0, 0.7071068,0,1/0/1/0/0/0/0/0/0/0/0/0/0,0.6354504, 0.05860394, 0.7671199,0.9622502, 0.0225576, -0.2578342, 0.08418611,0,1/0/1/0/0/0/0/0/0/0/0/0/0,0.6151701, -99.13681, 0.5802398,-0.7071068, 0, 0, 0.7071068,0,1/0/1/1/2/2/0/0/0/0/0/0/0,0.2202965, 0.9379812, 1.020934,0.203783, 0.7528627, -0.01606636, -0.6256294,0,1/1/0/0/0/0/0/0/0/0/0/0/0,0.2937838, 0.9117013, 0.8096526,-0.1262223, 4.177168E-05, -4.837979E-05, 0.992002,0,1/1/0/0/0/0/0/0/0/0/0/0/0
0.5589001, 1.061108, 0.5708001,-0.7071068, 0, 0.7071068, 8.940697E-08,0,1/0/0/0/0/0/0/0/0/0/0/0/0,0.06538123, 0.8946068, 0.7553005,-0.5000021, 0.499998, -0.5000014, 0.4999988,0,1/0/0/0/0/0/0/0/0/0/0/0/0,0.2789235, -0.8028001, 0.7257491,-0.7071048, -6.258489E-07, 1.847005E-08, 0.7071089,0,1/0/0/1/1/0/0/0/0/0/0/0/0,-0.5666056, -0.8199585, 0.8187975,-0.7473956, 9.528496E-05, -0.6643794, -0.0001503414,0,1/0/0/0/0/0/0/0/0/0/0/0/0,-0.4403998, 1.063, 0.476,0.7071067, 0, -1.892012E-09, 0.7071069,0,1/0/0/0/0/0/0/0/0/0/0/0/0,0.492, 0.913, 0.473,0.7071068, 0, 0, 0.7071068,0,1/0/1/0/0/0/0/0/0/0/0/0/0,0.6354504, 0.05860394, 0.7671199,0.9622502, 0.0225576, -0.2578342, 0.08418611,0,1/0/1/0/0/0/0/0/0/0/0/0/0,0.6151701, -99.13681, 0.5802398,-0.7071068, 0, 0, 0.7071068,0,1/0/1/1/2/2/0/0/0/0/0/0/0,0.2202965, 0.9379812, 1.020934,0.203783, 0.7528627, -0.01606636, -0.6256294,0,1/1/0/0/0/0/0/0/0/0/0/0/0,0.2937838, 0.9117013, 0.8096526,-0.1262223, 4.177168E-05, -4.837979E-05, 0.992002,0,1/1/0/0/0/0/0/0/0/0/0/0/0
0.5589001, 1.061108, 0.5708001,-0.7071068, 0, 0.7071068, 8.940697E-08,0,1/0/0/0/0/0/0/0/0/0/0/0/0,0.06538123, 0.8946068, 0.7553005,-0.5000021, 0.499998, -0.5000014, 0.4999988,0,1/0/0/0/0/0/0/0/0/0/0/0/0,0.2789233, -0.8028001, 0.7257494,-0.7071048, -6.258489E-07, 1.847005E-08, 0.7071089,0,1/0/0/1/1/0/0/0/0/0/0/0/0,-0.5666056, -0.8199585, 0.8187975,-0.7473956, 9.528496E-05, -0.6643794, -0.0001503414,0,1/0/0/0/0/0/0/0/0/0/0/0/0,-0.4403998, 1.063, 0.476,0.7071067, 0, -1.892012E-09, 0.7071069,0,1/0/0/0/0/0/0/0/0/0/0/0/0,0.492, 0.913, 0.473,0.7071068, 0, 0, 0.7071068,0,1/0/1/0/0/0/0/0/0/0/0/0/0,0.6354504, 0.05860394, 0.7671199,0.9622502, 0.0225576, -0.2578342, 0.08418611,0,1/0/1/0/0/0/0/0/0/0/0/0/0,0.6151701, -99.13681, 0.5802398,-0.7071068, 0, 0, 0.7071068,0,1/0/1/1/2/2/0/0/0/0/0/0/0,0.2202965, 0.9379812, 1.020934,0.203783, 0.7528627, -0.01606636, -0.6256294,0,1/1/0/0/0/0/0/0/0/0/0/0/0,0.2937838, 0.9117013, 0.8096526,-0.1262223, 4.177168E-05, -4.837979E-05, 0.992002,0,1/1/0/0/0/0/0/0/0/0/0/0/0
0.5589001, 1.061108, 0.5708001,-0.7071068, 0, 0.7071068, 8.940697E-08,0,1/0/0/0/0/0/0/0/0/0/0/0/0,0.06538123, 0.8946068, 0.7553005,-0.5000021, 0.499998, -0.5000014, 0.4999988,0,1/0/0/0/0/0/0/0/0/0/0/0/0,0.2789233, -0.8028001, 0.7257494,-0.7071048, -6.258489E-07, 1.852825E-08, 0.7071089,0,1/0/0/1/1/0/0/0/0/0/0/0/0,-0.5666056, -0.8199585, 0.8187975,-0.7473956, 9.528496E-05, -0.6643794, -0.0001503414,0,1/0/0/0/0/0/0/0/0/0/0/0/0,-0.4403998, 1.063, 0.476,0.7071067, 0, -1.892012E-09, 0.7071069,0,1/0/0/0/0/0/0/0/0/0/0/0/0,0.492, 0.913, 0.473,0.7071068, 0, 0, 0.7071068,0,1/0/1/0/0/0/0/0/0/0/0/0/0,0.6354504, 0.05860394, 0.7671199,0.9622502, 0.0225576, -0.2578342, 0.08418611,0,1/0/1/0/0/0/0/0/0/0/0/0/0,0.6151701, -99.13681, 0.5802398,-0.7071068, 0, 0, 0.7071068,0,1/0/1/1/2/2/0/0/0/0/0/0/0,0.2202965, 0.9379812, 1.020934,0.203783, 0.7528627, -0.01606636, -0.6256294,0,1/1/0/0/0/0/0/0/0/0/0/0/0,0.2937838, 0.9117013, 0.8096526,-0.1262223, 4.177168E-05, -4.837979E-05, 0.992002,0,1/1/0/0/0/0/0/0/0/0/0/0/0
0.5589001, 1.061108, 0.5708001,-0.7071068, 0, 0.7071068, 8.940697E-08,0,1/0/0/0/0/0/0/0/0/0/0/0/0,0.06538123, 0.8946068, 0.7553005,-0.5000021, 0.499998, -0.5000014, 0.4999988,0,1/0/0/0/0/0/0/0/0/0/0/0/0,0.2789232, -0.8028001, 0.7257496,-0.7071048, -6.258489E-07, 1.847005E-08, 0.7071089,0,1/0/0/1/1/0/0/0/0/0/0/0/0,-0.5666056, -0.8199585, 0.8187975,-0.7473956, 9.528496E-05, -0.6643794, -0.0001503414,0,1/0/0/0/0/0/0/0/0/0/0/0/0,-0.4403998, 1.063, 0.476,0.7071067, 0, -1.892012E-09, 0.7071069,0,1/0/0/0/0/0/0/0/0/0/0/0/0,0.492, 0.913, 0.473,0.7071068, 0, 0, 0.7071068,0,1/0/1/0/0/0/0/0/0/0/0/0/0,0.6354504, 0.05860394, 0.7671199,0.9622502, 0.0225576, -0.2578342, 0.08418611,0,1/0/1/0/0/0/0/0/0/0/0/0/0,0.6151701, -99.13681, 0.5802398,-0.7071068, 0, 0, 0.7071068,0,1/0/1/1/2/2/0/0/0/0/0/0/0,0.2202965, 0.9379812, 1.020934,0.203783, 0.7528627, -0.01606636, -0.6256294,0,1/1/0/0/0/0/0/0/0/0/0/0/0,0.2937838, 0.9117013, 0.8096526,-0.1262223, 4.177168E-05, -4.837979E-05, 0.992002,0,1/1/0/0/0/0/0/0/0/0/0/0/0
0.5589001, 1.061108, 0.5708001,-0.7071068, 0, 0.7071068, 8.940697E-08,0,1/0/0/0/0/0/0/0/0/0/0/0/0,0.06538123, 0.8946068, 0.7553005,-0.5000021, 0.499998, -0.5000014, 0.4999988,0,1/0/0/0/0/0/0/0/0/0/0/0/0,0.2789232, -0.8028001, 0.7257496,-0.7071048, -6.258489E-07, 1.852825E-08, 0.7071089,0,1/0/0/1/1/0/0/0/0/0/0/0/0,-0.5666056, -0.8199585, 0.8187975,-0.7473956, 9.528496E-05, -0.6643794, -0.0001503414,0,1/0/0/0/0/0/0/0/0/0/0/0/0,-0.4403998, 1.063, 0.476,0.7071067, 0, -1.892012E-09, 0.7071069,0,1/0/0/0/0/0/0/0/0/0/0/0/0,0.492, 0.913, 0.473,0.7071068, 0, 0, 0.7071068,0,1/0/1/0/0/0/0/0/0/0/0/0/0,0.6354504, 0.05860394, 0.7671199,0.9622502, 0.0225576, -0.2578342, 0.08418611,0,1/0/1/0/0/0/0/0/0/0/0/0/0,0.6151701, -99.13681, 0.5802398,-0.7071068, 0, 0, 0.7071068,0,1/0/1/1/2/2/0/0/0/0/0/0/0,0.2202965, 0.9379812, 1.020934,0.203783, 0.7528627, -0.01606636, -0.6256294,0,1/1/0/0/0/0/0/0/0/0/0/0/0,0.2937838, 0.9117013, 0.8096526,-0.1262223, 4.177168E-05, -4.837979E-05, 0.992002,0,1/1/0/0/0/0/0/0/0/0/0/0/0
